Search Name:	SeungJoon_14my14_Nrn1_set1_C/unip-humanrat																				
			SeungJoon_14my14_Nrn1_set1_C/unip-humanrat																		
	Uniq Pep	Acc #	Gene	Num Unique	Peptide Count	% Cov	Best Disc Score	Best Expect Val	m/z	z	ppm	DB Peptide	Peptide	Fraction	RT	Score	Expect	# in DB	Protein MW	Species	Protein Name
[1]		P13645	KRT10	11	37	19	4.95	5.40E-08	854.39	2	0.34	GSLGGGFSSGGFSGGSFSR	GSLGGGFSSGGFSGGSFSR	T20140801-01_ITMSms2cid	33.901	49.5	5.40E-08	1	58827.5	HUMAN	Keratin, type I cytoskeletal 10
[1]		P13645	KRT10	11	37	19	4.95	5.40E-08	691.3268	2	-1.3	ALEESNYELEGK	ALEESNYELEGK	T20140801-01_ITMSms2cid	27.021	38.6	4.50E-05	1	58827.5	HUMAN	Keratin, type I cytoskeletal 10
[1]		P13645	KRT10	11	37	19	4.95	5.40E-08	631.802	2	-0.32	SLLEGEGSSGGGGR	SLLEGEGSSGGGGR	T20140801-01_ITMSms2cid	24.935	40.5	5.10E-05	1	58827.5	HUMAN	Keratin, type I cytoskeletal 10
[1]		P13645	KRT10	11	37	19	4.95	5.40E-08	691.3303	2	3.7	ALEESNYELEGK	ALEESNYELEGK	T20140801-06_ITMSms2cid	26.822	39.2	5.20E-05	1	58827.5	HUMAN	Keratin, type I cytoskeletal 10
[1]		P13645	KRT10	11	37	19	4.95	5.40E-08	691.3279	2	0.26	ALEESNYELEGK	ALEESNYELEGK	T20140801-07_ITMSms2cid	26.779	35.4	7.40E-05	1	58827.5	HUMAN	Keratin, type I cytoskeletal 10
[1]		P13645	KRT10	11	37	19	4.95	5.40E-08	691.3296	2	2.7	ALEESNYELEGK	ALEESNYELEGK	T20140801-05_ITMSms2cid	26.936	38.4	8.50E-05	1	58827.5	HUMAN	Keratin, type I cytoskeletal 10
[1]		P13645	KRT10	11	37	19	4.95	5.40E-08	683.3273	2	5.9	SQYEQLAEQNR	SQYEQLAEQNR	T20140801-03_ITMSms2cid	25.189	38	8.80E-05	1	58827.5	HUMAN	Keratin, type I cytoskeletal 10
[1]		P13645	KRT10	11	37	19	4.95	5.40E-08	691.3273	2	-0.61	ALEESNYELEGK	ALEESNYELEGK	T20140801-03_ITMSms2cid	27	37.5	8.90E-05	1	58827.5	HUMAN	Keratin, type I cytoskeletal 10
[1]		P13645	KRT10	11	37	19	4.95	5.40E-08	683.325	2	2.5	SQYEQLAEQNR	SQYEQLAEQNR	T20140801-07_ITMSms2cid	25.148	34.5	1.30E-04	1	58827.5	HUMAN	Keratin, type I cytoskeletal 10
[1]		P13645	KRT10	11	37	19	4.95	5.40E-08	691.3286	2	1.3	ALEESNYELEGK	ALEESNYELEGK	T20140801-04_ITMSms2cid	26.998	37.6	1.30E-04	1	58827.5	HUMAN	Keratin, type I cytoskeletal 10
[1]		P13645	KRT10	11	37	19	4.95	5.40E-08	555.2491	2	1	DAEAWFNEK	DAEAWFNEK	T20140801-05_ITMSms2cid	32.024	29.2	1.90E-04	5	58827.5	HUMAN	Keratin, type I cytoskeletal 10
[1]		P13645	KRT10	11	37	19	4.95	5.40E-08	691.3289	2	1.7	ALEESNYELEGK	ALEESNYELEGK	T20140801-02_ITMSms2cid	27.062	36.2	2.00E-04	1	58827.5	HUMAN	Keratin, type I cytoskeletal 10
[1]		P13645	KRT10	11	37	19	4.95	5.40E-08	691.33	2	3.3	ALEESNYELEGK	ALEESNYELEGK	T20140801-08_ITMSms2cid	26.999	37.1	2.30E-04	1	58827.5	HUMAN	Keratin, type I cytoskeletal 10
[1]		P13645	KRT10	11	37	19	4.95	5.40E-08	555.2488	2	0.46	DAEAWFNEK	DAEAWFNEK	T20140801-10_ITMSms2cid	32.094	26.2	2.90E-04	5	58827.5	HUMAN	Keratin, type I cytoskeletal 10
[1]		P13645	KRT10	11	37	19	4.95	5.40E-08	631.8039	2	2.7	SLLEGEGSSGGGGR	SLLEGEGSSGGGGR	T20140801-03_ITMSms2cid	24.884	24.9	3.50E-04	1	58827.5	HUMAN	Keratin, type I cytoskeletal 10
[1]		P13645	KRT10	11	37	19	4.95	5.40E-08	683.3233	2	-0.007	SQYEQLAEQNR	SQYEQLAEQNR	T20140801-06_ITMSms2cid	25.162	34.2	4.10E-04	1	58827.5	HUMAN	Keratin, type I cytoskeletal 10
[1]		P13645	KRT10	11	37	19	4.95	5.40E-08	695.8447	2	0.91	QSLEASLAETEGR	QSLEASLAETEGR	T20140801-01_ITMSms2cid	30.005	29.4	4.60E-04	2	58827.5	HUMAN	Keratin, type I cytoskeletal 10
[1]		P13645	KRT10	11	37	19	4.95	5.40E-08	631.8018	2	-0.64	SLLEGEGSSGGGGR	SLLEGEGSSGGGGR	T20140801-07_ITMSms2cid	24.724	26.8	5.80E-04	1	58827.5	HUMAN	Keratin, type I cytoskeletal 10
[1]		P13645	KRT10	11	37	19	4.95	5.40E-08	555.2484	2	-0.26	DAEAWFNEK	DAEAWFNEK	T20140801-07_ITMSms2cid	31.81	27.6	6.90E-04	5	58827.5	HUMAN	Keratin, type I cytoskeletal 10
[1]		P13645	KRT10	11	37	19	4.95	5.40E-08	555.2496	2	1.9	DAEAWFNEK	DAEAWFNEK	T20140801-01_ITMSms2cid	32.013	30.9	7.20E-04	5	58827.5	HUMAN	Keratin, type I cytoskeletal 10
[1]		P13645	KRT10	11	37	19	4.95	5.40E-08	691.3253	2	-3.5	ALEESNYELEGK	ALEESNYELEGK	T20140801-10_ITMSms2cid	27.05	32.1	9.70E-04	1	58827.5	HUMAN	Keratin, type I cytoskeletal 10
[1]		P13645	KRT10	11	37	19	4.95	5.40E-08	631.8021	2	-0.17	SLLEGEGSSGGGGR	SLLEGEGSSGGGGR	T20140801-02_ITMSms2cid	24.928	29.4	0.0011	1	58827.5	HUMAN	Keratin, type I cytoskeletal 10
[1]		P13645	KRT10	11	37	19	4.95	5.40E-08	545.7692	2	0.14	VTMQNLNDR	VTMQNLNDR	T20140801-01_ITMSms2cid	25.042	33.6	0.0014	16	58827.5	HUMAN	Keratin, type I cytoskeletal 10
[1]		P13645	KRT10	11	37	19	4.95	5.40E-08	555.248	2	-0.98	DAEAWFNEK	DAEAWFNEK	T20140801-03_ITMSms2cid	31.943	23.6	0.0015	5	58827.5	HUMAN	Keratin, type I cytoskeletal 10
[1]		P13645	KRT10	11	37	19	4.95	5.40E-08	555.2463	2	-4	DAEAWFNEK	DAEAWFNEK	T20140801-04_ITMSms2cid	32.095	23.1	0.0026	5	58827.5	HUMAN	Keratin, type I cytoskeletal 10
[1]		P13645	KRT10	11	37	19	4.95	5.40E-08	631.8032	2	1.6	SLLEGEGSSGGGGR	SLLEGEGSSGGGGR	T20140801-05_ITMSms2cid	24.779	26.5	0.003	1	58827.5	HUMAN	Keratin, type I cytoskeletal 10
[1]		P13645	KRT10	11	37	19	4.95	5.40E-08	555.248	2	-0.98	DAEAWFNEK	DAEAWFNEK	T20140801-08_ITMSms2cid	32.09	19.5	0.0041	5	58827.5	HUMAN	Keratin, type I cytoskeletal 10
[1]		P13645	KRT10	11	37	19	4.95	5.40E-08	553.7676	2	1.8	VTMQNLNDR	VTM(Oxidation)QNLNDR	T20140801-01_ITMSms2cid	20.913	27.6	0.0058	16	58827.5	HUMAN	Keratin, type I cytoskeletal 10
[1]		P13645	KRT10	11	37	19	4.95	5.40E-08	583.2973	2	2.2	LENEIQTYR	LENEIQTYR	T20140801-01_ITMSms2cid	25.754	34	0.0094	2	58827.5	HUMAN	Keratin, type I cytoskeletal 10
[1]		P13645	KRT10	11	37	19	4.95	5.40E-08	631.8045	2	3.6	SLLEGEGSSGGGGR	SLLEGEGSSGGGGR	T20140801-04_ITMSms2cid	24.806	21.9	0.01	1	58827.5	HUMAN	Keratin, type I cytoskeletal 10
[1]		P13645	KRT10	11	37	19	4.95	5.40E-08	404.2035	2	0.22	LAADDFR	LAADDFR	T20140801-04_ITMSms2cid	25.705	21.3	0.011	51	58827.5	HUMAN	Keratin, type I cytoskeletal 10
[1]		P13645	KRT10	11	37	19	4.95	5.40E-08	497.2536	2	-0.063	YENEVALR	YENEVALR	T20140801-01_ITMSms2cid	25.418	30.8	0.011	2	58827.5	HUMAN	Keratin, type I cytoskeletal 10
[1]		P13645	KRT10	11	37	19	4.95	5.40E-08	404.2033	2	-0.27	LAADDFR	LAADDFR	T20140801-02_ITMSms2cid	25.709	23.8	0.019	51	58827.5	HUMAN	Keratin, type I cytoskeletal 10
[1]		P13645	KRT10	11	37	19	4.95	5.40E-08	553.7675	2	1.7	VTMQNLNDR	VTM(Oxidation)QNLNDR	T20140801-04_ITMSms2cid	20.844	29.4	0.019	16	58827.5	HUMAN	Keratin, type I cytoskeletal 10
[1]		P13645	KRT10	11	37	19	4.95	5.40E-08	553.7658	2	-1.4	VTMQNLNDR	VTM(Oxidation)QNLNDR	T20140801-06_ITMSms2cid	20.782	28.1	0.02	16	58827.5	HUMAN	Keratin, type I cytoskeletal 10
[1]		P13645	KRT10	11	37	19	4.95	5.40E-08	497.2542	2	1.1	YENEVALR	YENEVALR	T20140801-07_ITMSms2cid	25.281	30	0.027	2	58827.5	HUMAN	Keratin, type I cytoskeletal 10
[1]		P13645	KRT10	11	37	19	4.95	5.40E-08	553.7657	2	-1.6	VTMQNLNDR	VTM(Oxidation)QNLNDR	T20140801-07_ITMSms2cid	20.743	22.6	0.037	16	58827.5	HUMAN	Keratin, type I cytoskeletal 10
[1-1]	4	P02533	KRT14	7	11	16.3	4.35	8.80E-08	713.3526	2	0.75	APSTYGGGLSVSSSR	APSTYGGGLSVSSSR	T20140801-01_ITMSms2cid	26.226	44	8.80E-08	1	51561.9	HUMAN	Keratin, type I cytoskeletal 14
[1-1]	4	P02533	KRT14	7	11	16.3	4.35	8.80E-08	681.3495	2	0.75	EVATNSELVQSGK	EVATNSELVQSGK	T20140801-01_ITMSms2cid	25.092	37.5	1.10E-05	7	51561.9	HUMAN	Keratin, type I cytoskeletal 14
[1-1]	4	P02533	KRT14	7	11	16.3	4.35	8.80E-08	1051.5012	2	6.3	GQVGGDVNVEMDAAPGVDLSR	GQVGGDVNVEM(Oxidation)DAAPGVDLSR	T20140801-01_ITMSms2cid	32.827	31.1	1.10E-04	3	51561.9	HUMAN	Keratin, type I cytoskeletal 14
[1-1]	4	P02533	KRT14	7	11	16.3	4.35	8.80E-08	651.334	2	1.8	ALEEANADLEVK	ALEEANADLEVK	T20140801-01_ITMSms2cid	28.381	44.3	2.40E-04	13	51561.9	HUMAN	Keratin, type I cytoskeletal 14
[1-1]	4	P02533	KRT14	7	11	16.3	4.35	8.80E-08	545.7692	2	0.14	VTMQNLNDR	VTMQNLNDR	T20140801-01_ITMSms2cid	25.042	33.6	0.0014	16	51561.9	HUMAN	Keratin, type I cytoskeletal 14
[1-1]	4	P02533	KRT14	7	11	16.3	4.35	8.80E-08	553.7676	2	1.8	VTMQNLNDR	VTM(Oxidation)QNLNDR	T20140801-01_ITMSms2cid	20.913	27.6	0.0058	16	51561.9	HUMAN	Keratin, type I cytoskeletal 14
[1-1]	4	P02533	KRT14	7	11	16.3	4.35	8.80E-08	404.2035	2	0.22	LAADDFR	LAADDFR	T20140801-04_ITMSms2cid	25.705	21.3	0.011	51	51561.9	HUMAN	Keratin, type I cytoskeletal 14
[1-1]	4	P02533	KRT14	7	11	16.3	4.35	8.80E-08	404.2033	2	-0.27	LAADDFR	LAADDFR	T20140801-02_ITMSms2cid	25.709	23.8	0.019	51	51561.9	HUMAN	Keratin, type I cytoskeletal 14
[1-1]	4	P02533	KRT14	7	11	16.3	4.35	8.80E-08	553.7675	2	1.7	VTMQNLNDR	VTM(Oxidation)QNLNDR	T20140801-04_ITMSms2cid	20.844	29.4	0.019	16	51561.9	HUMAN	Keratin, type I cytoskeletal 14
[1-1]	4	P02533	KRT14	7	11	16.3	4.35	8.80E-08	553.7658	2	-1.4	VTMQNLNDR	VTM(Oxidation)QNLNDR	T20140801-06_ITMSms2cid	20.782	28.1	0.02	16	51561.9	HUMAN	Keratin, type I cytoskeletal 14
[1-1]	4	P02533	KRT14	7	11	16.3	4.35	8.80E-08	553.7657	2	-1.6	VTMQNLNDR	VTM(Oxidation)QNLNDR	T20140801-07_ITMSms2cid	20.743	22.6	0.037	16	51561.9	HUMAN	Keratin, type I cytoskeletal 14
[1-2]	3	P08779	KRT16	6	10	11.4	3.91	1.30E-06	669.8361	2	0.078	APSTYGGGLSVSSR	APSTYGGGLSVSSR	T20140801-01_ITMSms2cid	26.271	43.4	1.30E-06	1	51268.3	HUMAN	Keratin, type I cytoskeletal 16
[1-2]	3	P08779	KRT16	6	10	11.4	3.91	1.30E-06	630.7889	2	0.22	EVFTSSSSSSSR	EVFTSSSSSSSR	T20140801-01_ITMSms2cid	21.743	34.1	2.30E-05	2	51268.3	HUMAN	Keratin, type I cytoskeletal 16
[1-2]	3	P08779	KRT16	6	10	11.4	3.91	1.30E-06	651.334	2	1.8	ALEEANADLEVK	ALEEANADLEVK	T20140801-01_ITMSms2cid	28.381	44.3	2.40E-04	13	51268.3	HUMAN	Keratin, type I cytoskeletal 16
[1-2]	3	P08779	KRT16	6	10	11.4	3.91	1.30E-06	545.7692	2	0.14	VTMQNLNDR	VTMQNLNDR	T20140801-01_ITMSms2cid	25.042	33.6	0.0014	16	51268.3	HUMAN	Keratin, type I cytoskeletal 16
[1-2]	3	P08779	KRT16	6	10	11.4	3.91	1.30E-06	553.7676	2	1.8	VTMQNLNDR	VTM(Oxidation)QNLNDR	T20140801-01_ITMSms2cid	20.913	27.6	0.0058	16	51268.3	HUMAN	Keratin, type I cytoskeletal 16
[1-2]	3	P08779	KRT16	6	10	11.4	3.91	1.30E-06	404.2035	2	0.22	LAADDFR	LAADDFR	T20140801-04_ITMSms2cid	25.705	21.3	0.011	51	51268.3	HUMAN	Keratin, type I cytoskeletal 16
[1-2]	3	P08779	KRT16	6	10	11.4	3.91	1.30E-06	404.2033	2	-0.27	LAADDFR	LAADDFR	T20140801-02_ITMSms2cid	25.709	23.8	0.019	51	51268.3	HUMAN	Keratin, type I cytoskeletal 16
[1-2]	3	P08779	KRT16	6	10	11.4	3.91	1.30E-06	553.7675	2	1.7	VTMQNLNDR	VTM(Oxidation)QNLNDR	T20140801-04_ITMSms2cid	20.844	29.4	0.019	16	51268.3	HUMAN	Keratin, type I cytoskeletal 16
[1-2]	3	P08779	KRT16	6	10	11.4	3.91	1.30E-06	553.7658	2	-1.4	VTMQNLNDR	VTM(Oxidation)QNLNDR	T20140801-06_ITMSms2cid	20.782	28.1	0.02	16	51268.3	HUMAN	Keratin, type I cytoskeletal 16
[1-2]	3	P08779	KRT16	6	10	11.4	3.91	1.30E-06	553.7657	2	-1.6	VTMQNLNDR	VTM(Oxidation)QNLNDR	T20140801-07_ITMSms2cid	20.743	22.6	0.037	16	51268.3	HUMAN	Keratin, type I cytoskeletal 16
[1-3]	2	Q6IFV1	Krt14	5	9	10.3	2.88	1.10E-05	681.3495	2	0.75	EVATNSELVQSGK	EVATNSELVQSGK	T20140801-01_ITMSms2cid	25.092	37.5	1.10E-05	7	52684.2	RAT	Keratin, type I cytoskeletal 14
[1-3]	2	Q6IFV1	Krt14	5	9	10.3	2.88	1.10E-05	1051.5012	2	6.3	GQVGGDVNVEMDAAPGVDLSR	GQVGGDVNVEM(Oxidation)DAAPGVDLSR	T20140801-01_ITMSms2cid	32.827	31.1	1.10E-04	3	52684.2	RAT	Keratin, type I cytoskeletal 14
[1-3]	2	Q6IFV1	Krt14	5	9	10.3	2.88	1.10E-05	545.7692	2	0.14	VTMQNLNDR	VTMQNLNDR	T20140801-01_ITMSms2cid	25.042	33.6	0.0014	16	52684.2	RAT	Keratin, type I cytoskeletal 14
[1-3]	2	Q6IFV1	Krt14	5	9	10.3	2.88	1.10E-05	553.7676	2	1.8	VTMQNLNDR	VTM(Oxidation)QNLNDR	T20140801-01_ITMSms2cid	20.913	27.6	0.0058	16	52684.2	RAT	Keratin, type I cytoskeletal 14
[1-3]	2	Q6IFV1	Krt14	5	9	10.3	2.88	1.10E-05	404.2035	2	0.22	LAADDFR	LAADDFR	T20140801-04_ITMSms2cid	25.705	21.3	0.011	51	52684.2	RAT	Keratin, type I cytoskeletal 14
[1-3]	2	Q6IFV1	Krt14	5	9	10.3	2.88	1.10E-05	404.2033	2	-0.27	LAADDFR	LAADDFR	T20140801-02_ITMSms2cid	25.709	23.8	0.019	51	52684.2	RAT	Keratin, type I cytoskeletal 14
[1-3]	2	Q6IFV1	Krt14	5	9	10.3	2.88	1.10E-05	553.7675	2	1.7	VTMQNLNDR	VTM(Oxidation)QNLNDR	T20140801-04_ITMSms2cid	20.844	29.4	0.019	16	52684.2	RAT	Keratin, type I cytoskeletal 14
[1-3]	2	Q6IFV1	Krt14	5	9	10.3	2.88	1.10E-05	553.7658	2	-1.4	VTMQNLNDR	VTM(Oxidation)QNLNDR	T20140801-06_ITMSms2cid	20.782	28.1	0.02	16	52684.2	RAT	Keratin, type I cytoskeletal 14
[1-3]	2	Q6IFV1	Krt14	5	9	10.3	2.88	1.10E-05	553.7657	2	-1.6	VTMQNLNDR	VTM(Oxidation)QNLNDR	T20140801-07_ITMSms2cid	20.743	22.6	0.037	16	52684.2	RAT	Keratin, type I cytoskeletal 14
[1-4]	2	Q04695	KRT17	3	4	9.3	3.11	6.80E-06	935.4525	2	2.1	QFTSSSSIKGSSGLGGGSSR	Q(Gln->pyro-Glu)FTSSSSIKGSSGLGGGSSR	T20140801-01_ITMSms2cid	29.333	39.1	6.80E-06	3	48106.1	HUMAN	Keratin, type I cytoskeletal 17
[1-4]	2	Q04695	KRT17	3	4	9.3	3.11	6.80E-06	681.3495	2	0.75	EVATNSELVQSGK	EVATNSELVQSGK	T20140801-01_ITMSms2cid	25.092	37.5	1.10E-05	7	48106.1	HUMAN	Keratin, type I cytoskeletal 17
[1-4]	2	Q04695	KRT17	3	4	9.3	3.11	6.80E-06	404.2035	2	0.22	LAADDFR	LAADDFR	T20140801-04_ITMSms2cid	25.705	21.3	0.011	51	48106.1	HUMAN	Keratin, type I cytoskeletal 17
[1-4]	2	Q04695	KRT17	3	4	9.3	3.11	6.80E-06	404.2033	2	-0.27	LAADDFR	LAADDFR	T20140801-02_ITMSms2cid	25.709	23.8	0.019	51	48106.1	HUMAN	Keratin, type I cytoskeletal 17
[1-5]	2	Q6IFU8	Krt17	3	4	9.2	3.11	6.80E-06	935.4525	2	2.1	QFTSSSSIKGSSGLGGGSSR	Q(Gln->pyro-Glu)FTSSSSIKGSSGLGGGSSR	T20140801-01_ITMSms2cid	29.333	39.1	6.80E-06	3	48123.2	RAT	Keratin, type I cytoskeletal 17
[1-5]	2	Q6IFU8	Krt17	3	4	9.2	3.11	6.80E-06	681.3495	2	0.75	EVATNSELVQSGK	EVATNSELVQSGK	T20140801-01_ITMSms2cid	25.092	37.5	1.10E-05	7	48123.2	RAT	Keratin, type I cytoskeletal 17
[1-5]	2	Q6IFU8	Krt17	3	4	9.2	3.11	6.80E-06	404.2035	2	0.22	LAADDFR	LAADDFR	T20140801-04_ITMSms2cid	25.705	21.3	0.011	51	48123.2	RAT	Keratin, type I cytoskeletal 17
[1-5]	2	Q6IFU8	Krt17	3	4	9.2	3.11	6.80E-06	404.2033	2	-0.27	LAADDFR	LAADDFR	T20140801-02_ITMSms2cid	25.709	23.8	0.019	51	48123.2	RAT	Keratin, type I cytoskeletal 17
[1-6]	1	P13646	KRT13	2	3	4.1	3.04	2.40E-04	651.334	2	1.8	ALEEANADLEVK	ALEEANADLEVK	T20140801-01_ITMSms2cid	28.381	44.3	2.40E-04	13	49588.6	HUMAN	Keratin, type I cytoskeletal 13
[1-6]	1	P13646	KRT13	2	3	4.1	3.04	2.40E-04	404.2035	2	0.22	LAADDFR	LAADDFR	T20140801-04_ITMSms2cid	25.705	21.3	0.011	51	49588.6	HUMAN	Keratin, type I cytoskeletal 13
[1-6]	1	P13646	KRT13	2	3	4.1	3.04	2.40E-04	404.2033	2	-0.27	LAADDFR	LAADDFR	T20140801-02_ITMSms2cid	25.709	23.8	0.019	51	49588.6	HUMAN	Keratin, type I cytoskeletal 13
[1-7]	1	P19012	KRT15	2	3	4.2	3.04	2.40E-04	651.334	2	1.8	ALEEANADLEVK	ALEEANADLEVK	T20140801-01_ITMSms2cid	28.381	44.3	2.40E-04	13	49212.1	HUMAN	Keratin, type I cytoskeletal 15
[1-7]	1	P19012	KRT15	2	3	4.2	3.04	2.40E-04	404.2035	2	0.22	LAADDFR	LAADDFR	T20140801-04_ITMSms2cid	25.705	21.3	0.011	51	49212.1	HUMAN	Keratin, type I cytoskeletal 15
[1-7]	1	P19012	KRT15	2	3	4.2	3.04	2.40E-04	404.2033	2	-0.27	LAADDFR	LAADDFR	T20140801-02_ITMSms2cid	25.709	23.8	0.019	51	49212.1	HUMAN	Keratin, type I cytoskeletal 15
[1-8]	1	B3KVF5		2	3	4.2	3.04	2.40E-04	651.334	2	1.8	ALEEANADLEVK	ALEEANADLEVK	T20140801-01_ITMSms2cid	28.381	44.3	2.40E-04	13	49110	HUMAN	cDNA FLJ16494 fis, clone CTONG3004576, highly similar to Keratin, type I cytoskeletal 15
[1-8]	1	B3KVF5		2	3	4.2	3.04	2.40E-04	404.2035	2	0.22	LAADDFR	LAADDFR	T20140801-04_ITMSms2cid	25.705	21.3	0.011	51	49110	HUMAN	cDNA FLJ16494 fis, clone CTONG3004576, highly similar to Keratin, type I cytoskeletal 15
[1-8]	1	B3KVF5		2	3	4.2	3.04	2.40E-04	404.2033	2	-0.27	LAADDFR	LAADDFR	T20140801-02_ITMSms2cid	25.709	23.8	0.019	51	49110	HUMAN	cDNA FLJ16494 fis, clone CTONG3004576, highly similar to Keratin, type I cytoskeletal 15
[1-9]	1	B4DWU0		2	3	14.1	3.04	2.40E-04	651.334	2	1.8	ALEEANADLEVK	ALEEANADLEVK	T20140801-01_ITMSms2cid	28.381	44.3	2.40E-04	13	15723.9	HUMAN	cDNA FLJ56791, highly similar to Keratin, type I cytoskeletal 16
[1-9]	1	B4DWU0		2	3	14.1	3.04	2.40E-04	404.2035	2	0.22	LAADDFR	LAADDFR	T20140801-04_ITMSms2cid	25.705	21.3	0.011	51	15723.9	HUMAN	cDNA FLJ56791, highly similar to Keratin, type I cytoskeletal 16
[1-9]	1	B4DWU0		2	3	14.1	3.04	2.40E-04	404.2033	2	-0.27	LAADDFR	LAADDFR	T20140801-02_ITMSms2cid	25.709	23.8	0.019	51	15723.9	HUMAN	cDNA FLJ56791, highly similar to Keratin, type I cytoskeletal 16
[1-10]	1	B4E204		2	3	8.1	3.04	2.40E-04	651.334	2	1.8	ALEEANADLEVK	ALEEANADLEVK	T20140801-01_ITMSms2cid	28.381	44.3	2.40E-04	13	23791.4	HUMAN	cDNA FLJ58872, highly similar to Keratin, type I cytoskeletal 15
[1-10]	1	B4E204		2	3	8.1	3.04	2.40E-04	404.2035	2	0.22	LAADDFR	LAADDFR	T20140801-04_ITMSms2cid	25.705	21.3	0.011	51	23791.4	HUMAN	cDNA FLJ58872, highly similar to Keratin, type I cytoskeletal 15
[1-10]	1	B4E204		2	3	8.1	3.04	2.40E-04	404.2033	2	-0.27	LAADDFR	LAADDFR	T20140801-02_ITMSms2cid	25.709	23.8	0.019	51	23791.4	HUMAN	cDNA FLJ58872, highly similar to Keratin, type I cytoskeletal 15
[1-11]	1	B4E2J5		2	3	10.1	3.04	2.40E-04	651.334	2	1.8	ALEEANADLEVK	ALEEANADLEVK	T20140801-01_ITMSms2cid	28.381	44.3	2.40E-04	13	21469.4	HUMAN	cDNA FLJ53570, highly similar to Keratin, type I cytoskeletal 16
[1-11]	1	B4E2J5		2	3	10.1	3.04	2.40E-04	404.2035	2	0.22	LAADDFR	LAADDFR	T20140801-04_ITMSms2cid	25.705	21.3	0.011	51	21469.4	HUMAN	cDNA FLJ53570, highly similar to Keratin, type I cytoskeletal 16
[1-11]	1	B4E2J5		2	3	10.1	3.04	2.40E-04	404.2033	2	-0.27	LAADDFR	LAADDFR	T20140801-02_ITMSms2cid	25.709	23.8	0.019	51	21469.4	HUMAN	cDNA FLJ53570, highly similar to Keratin, type I cytoskeletal 16
[1-12]	1	K7EMD9	KRT13	2	3	11.5	3.04	2.40E-04	651.334	2	1.8	ALEEANADLEVK	ALEEANADLEVK	T20140801-01_ITMSms2cid	28.381	44.3	2.40E-04	13	19213.7	HUMAN	Keratin, type I cytoskeletal 13 (Fragment)
[1-12]	1	K7EMD9	KRT13	2	3	11.5	3.04	2.40E-04	404.2035	2	0.22	LAADDFR	LAADDFR	T20140801-04_ITMSms2cid	25.705	21.3	0.011	51	19213.7	HUMAN	Keratin, type I cytoskeletal 13 (Fragment)
[1-12]	1	K7EMD9	KRT13	2	3	11.5	3.04	2.40E-04	404.2033	2	-0.27	LAADDFR	LAADDFR	T20140801-02_ITMSms2cid	25.709	23.8	0.019	51	19213.7	HUMAN	Keratin, type I cytoskeletal 13 (Fragment)
[1-13]	1	K7ERE3	KRT13	2	3	4.6	3.04	2.40E-04	651.334	2	1.8	ALEEANADLEVK	ALEEANADLEVK	T20140801-01_ITMSms2cid	28.381	44.3	2.40E-04	13	45260.9	HUMAN	Keratin, type I cytoskeletal 13
[1-13]	1	K7ERE3	KRT13	2	3	4.6	3.04	2.40E-04	404.2035	2	0.22	LAADDFR	LAADDFR	T20140801-04_ITMSms2cid	25.705	21.3	0.011	51	45260.9	HUMAN	Keratin, type I cytoskeletal 13
[1-13]	1	K7ERE3	KRT13	2	3	4.6	3.04	2.40E-04	404.2033	2	-0.27	LAADDFR	LAADDFR	T20140801-02_ITMSms2cid	25.709	23.8	0.019	51	45260.9	HUMAN	Keratin, type I cytoskeletal 13
[1-14]	1	B4E2P9		2	3	15.7	3.11	6.80E-06	935.4525	2	2.1	QFTSSSSIKGSSGLGGGSSR	Q(Gln->pyro-Glu)FTSSSSIKGSSGLGGGSSR	T20140801-01_ITMSms2cid	29.333	39.1	6.80E-06	3	18049.1	HUMAN	cDNA FLJ56708, highly similar to Keratin, type I cytoskeletal 17
[1-14]	1	B4E2P9		2	3	15.7	3.11	6.80E-06	404.2035	2	0.22	LAADDFR	LAADDFR	T20140801-04_ITMSms2cid	25.705	21.3	0.011	51	18049.1	HUMAN	cDNA FLJ56708, highly similar to Keratin, type I cytoskeletal 17
[1-14]	1	B4E2P9		2	3	15.7	3.11	6.80E-06	404.2033	2	-0.27	LAADDFR	LAADDFR	T20140801-02_ITMSms2cid	25.709	23.8	0.019	51	18049.1	HUMAN	cDNA FLJ56708, highly similar to Keratin, type I cytoskeletal 17
[1-15]	1	F5GWP8	JUP	2	3	3.4	2.88	1.10E-05	681.3495	2	0.75	EVATNSELVQSGK	EVATNSELVQSGK	T20140801-01_ITMSms2cid	25.092	37.5	1.10E-05	7	66351	HUMAN	Junction plakoglobin
[1-15]	1	F5GWP8	JUP	2	3	3.4	2.88	1.10E-05	404.2035	2	0.22	LAADDFR	LAADDFR	T20140801-04_ITMSms2cid	25.705	21.3	0.011	51	66351	HUMAN	Junction plakoglobin
[1-15]	1	F5GWP8	JUP	2	3	3.4	2.88	1.10E-05	404.2033	2	-0.27	LAADDFR	LAADDFR	T20140801-02_ITMSms2cid	25.709	23.8	0.019	51	66351	HUMAN	Junction plakoglobin
[1-16]	1	Q6IFU7	Krt42	2	3	6.2	1.86	1.10E-04	1051.5012	2	6.3	GQVGGDVNVEMDAAPGVDLSR	GQVGGDVNVEM(Oxidation)DAAPGVDLSR	T20140801-01_ITMSms2cid	32.827	31.1	1.10E-04	3	50213.6	RAT	Keratin, type I cytoskeletal 42
[1-16]	1	Q6IFU7	Krt42	2	3	6.2	1.86	1.10E-04	404.2035	2	0.22	LAADDFR	LAADDFR	T20140801-04_ITMSms2cid	25.705	21.3	0.011	51	50213.6	RAT	Keratin, type I cytoskeletal 42
[1-16]	1	Q6IFU7	Krt42	2	3	6.2	1.86	1.10E-04	404.2033	2	-0.27	LAADDFR	LAADDFR	T20140801-02_ITMSms2cid	25.709	23.8	0.019	51	50213.6	RAT	Keratin, type I cytoskeletal 42
[2]		P04264	KRT1	12	33	22	4.27	2.30E-07	829.3979	2	-2.6	SGGGFSSGSAGIINYQR	SGGGFSSGSAGIINYQR	T20140801-01_ITMSms2cid	31.043	42.4	2.30E-07	7	66039.2	HUMAN	Keratin, type II cytoskeletal 1
[2]		P04264	KRT1	12	33	22	4.27	2.30E-07	738.3963	2	0.037	FLEQQNQVLQTK	FLEQQNQVLQTK	T20140801-01_ITMSms2cid	29.148	45.1	1.60E-05	13	66039.2	HUMAN	Keratin, type II cytoskeletal 1
[2]		P04264	KRT1	12	33	22	4.27	2.30E-07	633.3235	2	2	TNAENEFVTIK	TNAENEFVTIK	T20140801-01_ITMSms2cid	29.615	34.4	3.10E-05	8	66039.2	HUMAN	Keratin, type II cytoskeletal 1
[2]		P04264	KRT1	12	33	22	4.27	2.30E-07	651.8624	2	1.8	SLDLDSIIAEVK	SLDLDSIIAEVK	T20140801-01_ITMSms2cid	43.523	44.5	2.00E-04	14	66039.2	HUMAN	Keratin, type II cytoskeletal 1
[2]		P04264	KRT1	12	33	22	4.27	2.30E-07	633.3217	2	-0.86	TNAENEFVTIK	TNAENEFVTIK	T20140801-07_ITMSms2cid	29.274	32.6	2.00E-04	8	66039.2	HUMAN	Keratin, type II cytoskeletal 1
[2]		P04264	KRT1	12	33	22	4.27	2.30E-07	563.2743	2	-0.82	AEAESLYQSK	AEAESLYQSK	T20140801-01_ITMSms2cid	24.179	37	3.10E-04	7	66039.2	HUMAN	Keratin, type II cytoskeletal 1
[2]		P04264	KRT1	12	33	22	4.27	2.30E-07	590.3053	2	2.5	YEELQITAGR	YEELQITAGR	T20140801-04_ITMSms2cid	29.085	31.6	4.40E-04	11	66039.2	HUMAN	Keratin, type II cytoskeletal 1
[2]		P04264	KRT1	12	33	22	4.27	2.30E-07	590.304	2	0.25	YEELQITAGR	YEELQITAGR	T20140801-05_ITMSms2cid	29.007	29.9	5.10E-04	11	66039.2	HUMAN	Keratin, type II cytoskeletal 1
[2]		P04264	KRT1	12	33	22	4.27	2.30E-07	590.3027	2	-2	YEELQITAGR	YEELQITAGR	T20140801-10_ITMSms2cid	29.055	32.5	6.10E-04	11	66039.2	HUMAN	Keratin, type II cytoskeletal 1
[2]		P04264	KRT1	12	33	22	4.27	2.30E-07	738.3979	2	2.2	FLEQQNQVLQTK	FLEQQNQVLQTK	T20140801-07_ITMSms2cid	28.893	33.1	7.30E-04	13	66039.2	HUMAN	Keratin, type II cytoskeletal 1
[2]		P04264	KRT1	12	33	22	4.27	2.30E-07	508.2239	2	0.43	DVDGAYMTK	DVDGAYM(Oxidation)TK	T20140801-07_ITMSms2cid	21.682	25.4	8.10E-04	7	66039.2	HUMAN	Keratin, type II cytoskeletal 1
[2]		P04264	KRT1	12	33	22	4.27	2.30E-07	590.3033	2	-0.94	YEELQITAGR	YEELQITAGR	T20140801-03_ITMSms2cid	28.994	32.4	8.10E-04	11	66039.2	HUMAN	Keratin, type II cytoskeletal 1
[2]		P04264	KRT1	12	33	22	4.27	2.30E-07	590.3034	2	-0.77	YEELQITAGR	YEELQITAGR	T20140801-01_ITMSms2cid	29.055	40.1	1.00E-03	11	66039.2	HUMAN	Keratin, type II cytoskeletal 1
[2]		P04264	KRT1	12	33	22	4.27	2.30E-07	584.6147	3	1.6	GSGGGSSGGSIGGRGSSSGGVK	GSGGGSSGGSIGGRGSSSGGVK	T20140801-01_ITMSms2cid	20.214	21.8	0.0015	7	66039.2	HUMAN	Keratin, type II cytoskeletal 1
[2]		P04264	KRT1	12	33	22	4.27	2.30E-07	590.3038	2	-0.089	YEELQITAGR	YEELQITAGR	T20140801-07_ITMSms2cid	28.822	33.8	0.0023	11	66039.2	HUMAN	Keratin, type II cytoskeletal 1
[2]		P04264	KRT1	12	33	22	4.27	2.30E-07	633.3217	2	-0.86	TNAENEFVTIK	TNAENEFVTIK	T20140801-10_ITMSms2cid	29.495	22.7	0.0026	8	66039.2	HUMAN	Keratin, type II cytoskeletal 1
[2]		P04264	KRT1	12	33	22	4.27	2.30E-07	738.3937	2	-3.5	FLEQQNQVLQTK	FLEQQNQVLQTK	T20140801-03_ITMSms2cid	29.094	30.2	0.0032	13	66039.2	HUMAN	Keratin, type II cytoskeletal 1
[2]		P04264	KRT1	12	33	22	4.27	2.30E-07	590.3027	2	-2	YEELQITAGR	YEELQITAGR	T20140801-06_ITMSms2cid	28.854	29.1	0.0054	11	66039.2	HUMAN	Keratin, type II cytoskeletal 1
[2]		P04264	KRT1	12	33	22	4.27	2.30E-07	633.3227	2	0.72	TNAENEFVTIK	TNAENEFVTIK	T20140801-03_ITMSms2cid	29.547	21	0.0072	8	66039.2	HUMAN	Keratin, type II cytoskeletal 1
[2]		P04264	KRT1	12	33	22	4.27	2.30E-07	517.262	2	0.67	TLLEGEESR	TLLEGEESR	T20140801-04_ITMSms2cid	25.029	28.6	0.0075	7	66039.2	HUMAN	Keratin, type II cytoskeletal 1
[2]		P04264	KRT1	12	33	22	4.27	2.30E-07	692.3511	2	3.3	SLNNQFASFIDK	SLNNQFASFIDK	T20140801-01_ITMSms2cid	36.502	27.3	0.0086	7	66039.2	HUMAN	Keratin, type II cytoskeletal 1
[2]		P04264	KRT1	12	33	22	4.27	2.30E-07	517.2623	2	1.3	TLLEGEESR	TLLEGEESR	T20140801-07_ITMSms2cid	25.011	31.5	0.0091	7	66039.2	HUMAN	Keratin, type II cytoskeletal 1
[2]		P04264	KRT1	12	33	22	4.27	2.30E-07	533.264	2	-0.37	AQYEDIAQK	AQYEDIAQK	T20140801-01_ITMSms2cid	23.852	24.3	0.011	7	66039.2	HUMAN	Keratin, type II cytoskeletal 1
[2]		P04264	KRT1	12	33	22	4.27	2.30E-07	633.3193	2	-4.6	TNAENEFVTIK	TNAENEFVTIK	T20140801-04_ITMSms2cid	29.571	24.8	0.012	8	66039.2	HUMAN	Keratin, type II cytoskeletal 1
[2]		P04264	KRT1	12	33	22	4.27	2.30E-07	533.2651	2	1.7	AQYEDIAQK	AQYEDIAQK	T20140801-03_ITMSms2cid	23.534	20	0.013	7	66039.2	HUMAN	Keratin, type II cytoskeletal 1
[2]		P04264	KRT1	12	33	22	4.27	2.30E-07	633.3201	2	-3.4	TNAENEFVTIK	TNAENEFVTIK	T20140801-06_ITMSms2cid	29.329	20.5	0.013	8	66039.2	HUMAN	Keratin, type II cytoskeletal 1
[2]		P04264	KRT1	12	33	22	4.27	2.30E-07	633.3197	2	-4	TNAENEFVTIK	TNAENEFVTIK	T20140801-05_ITMSms2cid	29.497	21	0.014	8	66039.2	HUMAN	Keratin, type II cytoskeletal 1
[2]		P04264	KRT1	12	33	22	4.27	2.30E-07	533.2653	2	2.1	AQYEDIAQK	AQYEDIAQK	T20140801-07_ITMSms2cid	23.344	24.7	0.015	7	66039.2	HUMAN	Keratin, type II cytoskeletal 1
[2]		P04264	KRT1	12	33	22	4.27	2.30E-07	633.326	2	5.9	TNAENEFVTIK	TNAENEFVTIK	T20140801-08_ITMSms2cid	29.522	19.4	0.017	8	66039.2	HUMAN	Keratin, type II cytoskeletal 1
[2]		P04264	KRT1	12	33	22	4.27	2.30E-07	508.2224	2	-2.5	DVDGAYMTK	DVDGAYM(Oxidation)TK	T20140801-01_ITMSms2cid	21.854	18.2	0.019	7	66039.2	HUMAN	Keratin, type II cytoskeletal 1
[2]		P04264	KRT1	12	33	22	4.27	2.30E-07	437.7535	2	0.53	SLVNLGGSK	SLVNLGGSK	T20140801-03_ITMSms2cid	26.581	23.2	0.021	6	66039.2	HUMAN	Keratin, type II cytoskeletal 1
[2]		P04264	KRT1	12	33	22	4.27	2.30E-07	437.7531	2	-0.38	SLVNLGGSK	SLVNLGGSK	T20140801-01_ITMSms2cid	26.949	30.7	0.022	6	66039.2	HUMAN	Keratin, type II cytoskeletal 1
[2]		P04264	KRT1	12	33	22	4.27	2.30E-07	437.7535	2	0.53	SLVNLGGSK	SLVNLGGSK	T20140801-08_ITMSms2cid	26.621	29.5	0.037	6	66039.2	HUMAN	Keratin, type II cytoskeletal 1
[2-1]	10	P35908	KRT2	11	33	21.4	4.7	2.10E-08	871.3773	2	-0.64	GGSGGGGSISGGGYGSGGGSGGR	GGSGGGGSISGGGYGSGGGSGGR	T20140801-01_ITMSms2cid	21.694	37.2	2.10E-08	1	65433.4	HUMAN	Keratin, type II cytoskeletal 2 epidermal
[2-1]	10	P35908	KRT2	11	33	21.4	4.7	2.10E-08	627.8079	2	0.97	GFSSGSAVVSGGSR	GFSSGSAVVSGGSR	T20140801-01_ITMSms2cid	25.24	45.4	1.90E-06	3	65433.4	HUMAN	Keratin, type II cytoskeletal 2 epidermal
[2-1]	10	P35908	KRT2	11	33	21.4	4.7	2.10E-08	871.3792	2	1.5	GGSGGGGSISGGGYGSGGGSGGR	GGSGGGGSISGGGYGSGGGSGGR	T20140801-07_ITMSms2cid	21.574	35.1	3.20E-06	1	65433.4	HUMAN	Keratin, type II cytoskeletal 2 epidermal
[2-1]	10	P35908	KRT2	11	33	21.4	4.7	2.10E-08	738.3963	2	0.037	FLEQQNQVLQTK	FLEQQNQVLQTK	T20140801-01_ITMSms2cid	29.148	45.1	1.60E-05	13	65433.4	HUMAN	Keratin, type II cytoskeletal 2 epidermal
[2-1]	10	P35908	KRT2	11	33	21.4	4.7	2.10E-08	566.2573	2	-2.3	STSSFSCLSR	STSSFSC(Carbamidomethyl)LSR	T20140801-05_ITMSms2cid	25.56	29.8	1.00E-04	1	65433.4	HUMAN	Keratin, type II cytoskeletal 2 epidermal
[2-1]	10	P35908	KRT2	11	33	21.4	4.7	2.10E-08	566.2591	2	0.91	STSSFSCLSR	STSSFSC(Carbamidomethyl)LSR	T20140801-04_ITMSms2cid	25.631	34.9	1.10E-04	1	65433.4	HUMAN	Keratin, type II cytoskeletal 2 epidermal
[2-1]	10	P35908	KRT2	11	33	21.4	4.7	2.10E-08	566.259	2	0.73	STSSFSCLSR	STSSFSC(Carbamidomethyl)LSR	T20140801-07_ITMSms2cid	25.531	34.7	1.70E-04	1	65433.4	HUMAN	Keratin, type II cytoskeletal 2 epidermal
[2-1]	10	P35908	KRT2	11	33	21.4	4.7	2.10E-08	566.2592	2	1.1	STSSFSCLSR	STSSFSC(Carbamidomethyl)LSR	T20140801-09_ITMSms2cid	25.54	34.4	1.70E-04	1	65433.4	HUMAN	Keratin, type II cytoskeletal 2 epidermal
[2-1]	10	P35908	KRT2	11	33	21.4	4.7	2.10E-08	566.2574	2	-2.1	STSSFSCLSR	STSSFSC(Carbamidomethyl)LSR	T20140801-06_ITMSms2cid	25.566	32.2	2.20E-04	1	65433.4	HUMAN	Keratin, type II cytoskeletal 2 epidermal
[2-1]	10	P35908	KRT2	11	33	21.4	4.7	2.10E-08	599.2756	2	-4.6	GGSISGGGYGSGGGK	GGSISGGGYGSGGGK	T20140801-01_ITMSms2cid	21.087	25.6	2.30E-04	1	65433.4	HUMAN	Keratin, type II cytoskeletal 2 epidermal
[2-1]	10	P35908	KRT2	11	33	21.4	4.7	2.10E-08	440.8657	3	-0.21	HGGGGGGFGGGGFGSR	HGGGGGGFGGGGFGSR	T20140801-01_ITMSms2cid	23.64	34.5	2.70E-04	1	65433.4	HUMAN	Keratin, type II cytoskeletal 2 epidermal
[2-1]	10	P35908	KRT2	11	33	21.4	4.7	2.10E-08	597.3128	2	1.9	YEELQVTVGR	YEELQVTVGR	T20140801-01_ITMSms2cid	29.82	32.9	3.60E-04	1	65433.4	HUMAN	Keratin, type II cytoskeletal 2 epidermal
[2-1]	10	P35908	KRT2	11	33	21.4	4.7	2.10E-08	566.259	2	0.73	STSSFSCLSR	STSSFSC(Carbamidomethyl)LSR	T20140801-03_ITMSms2cid	25.651	27.6	4.90E-04	1	65433.4	HUMAN	Keratin, type II cytoskeletal 2 epidermal
[2-1]	10	P35908	KRT2	11	33	21.4	4.7	2.10E-08	738.3979	2	2.2	FLEQQNQVLQTK	FLEQQNQVLQTK	T20140801-07_ITMSms2cid	28.893	33.1	7.30E-04	13	65433.4	HUMAN	Keratin, type II cytoskeletal 2 epidermal
[2-1]	10	P35908	KRT2	11	33	21.4	4.7	2.10E-08	584.2664	2	0.87	MSCQISCKSR	M(Met-loss+Acetyl)SC(Carbamidomethyl)QISC(Carbamidomethyl)KSR	T20140801-07_ITMSms2cid	21.059	25.9	0.0022	3	65433.4	HUMAN	Keratin, type II cytoskeletal 2 epidermal
[2-1]	10	P35908	KRT2	11	33	21.4	4.7	2.10E-08	566.2621	2	6.2	STSSFSCLSR	STSSFSC(Carbamidomethyl)LSR	T20140801-10_ITMSms2cid	25.595	23	0.0024	1	65433.4	HUMAN	Keratin, type II cytoskeletal 2 epidermal
[2-1]	10	P35908	KRT2	11	33	21.4	4.7	2.10E-08	627.808	2	1.1	GFSSGSAVVSGGSR	GFSSGSAVVSGGSR	T20140801-02_ITMSms2cid	25.221	21.9	0.0027	3	65433.4	HUMAN	Keratin, type II cytoskeletal 2 epidermal
[2-1]	10	P35908	KRT2	11	33	21.4	4.7	2.10E-08	738.3937	2	-3.5	FLEQQNQVLQTK	FLEQQNQVLQTK	T20140801-03_ITMSms2cid	29.094	30.2	0.0032	13	65433.4	HUMAN	Keratin, type II cytoskeletal 2 epidermal
[2-1]	10	P35908	KRT2	11	33	21.4	4.7	2.10E-08	554.2748	2	-0.53	AQYEEIAQR	AQYEEIAQR	T20140801-01_ITMSms2cid	24.813	32.5	0.0037	18	65433.4	HUMAN	Keratin, type II cytoskeletal 2 epidermal
[2-1]	10	P35908	KRT2	11	33	21.4	4.7	2.10E-08	521.2822	2	-0.36	VDPEIQNVK	VDPEIQNVK	T20140801-01_ITMSms2cid	25.27	31.1	0.0052	3	65433.4	HUMAN	Keratin, type II cytoskeletal 2 epidermal
[2-1]	10	P35908	KRT2	11	33	21.4	4.7	2.10E-08	554.2761	2	1.8	AQYEEIAQR	AQYEEIAQR	T20140801-08_ITMSms2cid	24.822	30.2	0.0069	18	65433.4	HUMAN	Keratin, type II cytoskeletal 2 epidermal
[2-1]	10	P35908	KRT2	11	33	21.4	4.7	2.10E-08	554.2737	2	-2.5	AQYEEIAQR	AQYEEIAQR	T20140801-03_ITMSms2cid	24.724	25.9	0.0073	18	65433.4	HUMAN	Keratin, type II cytoskeletal 2 epidermal
[2-1]	10	P35908	KRT2	11	33	21.4	4.7	2.10E-08	554.278	2	5.2	AQYEEIAQR	AQYEEIAQR	T20140801-10_ITMSms2cid	24.745	26.6	0.0076	18	65433.4	HUMAN	Keratin, type II cytoskeletal 2 epidermal
[2-1]	10	P35908	KRT2	11	33	21.4	4.7	2.10E-08	554.2753	2	0.37	AQYEEIAQR	AQYEEIAQR	T20140801-06_ITMSms2cid	24.713	32.6	0.0082	18	65433.4	HUMAN	Keratin, type II cytoskeletal 2 epidermal
[2-1]	10	P35908	KRT2	11	33	21.4	4.7	2.10E-08	554.2743	2	-1.4	AQYEEIAQR	AQYEEIAQR	T20140801-02_ITMSms2cid	24.815	27	0.012	18	65433.4	HUMAN	Keratin, type II cytoskeletal 2 epidermal
[2-1]	10	P35908	KRT2	11	33	21.4	4.7	2.10E-08	584.2679	2	3.4	MSCQISCKSR	M(Met-loss+Acetyl)SC(Carbamidomethyl)QISC(Carbamidomethyl)KSR	T20140801-09_ITMSms2cid	21.085	26.4	0.018	3	65433.4	HUMAN	Keratin, type II cytoskeletal 2 epidermal
[2-1]	10	P35908	KRT2	11	33	21.4	4.7	2.10E-08	416.2491	2	-3	SLVGLGGTK	SLVGLGGTK	T20140801-09_ITMSms2cid	26.21	19.1	0.018	1	65433.4	HUMAN	Keratin, type II cytoskeletal 2 epidermal
[2-1]	10	P35908	KRT2	11	33	21.4	4.7	2.10E-08	554.276	2	1.6	AQYEEIAQR	AQYEEIAQR	T20140801-07_ITMSms2cid	24.647	28.2	0.019	18	65433.4	HUMAN	Keratin, type II cytoskeletal 2 epidermal
[2-1]	10	P35908	KRT2	11	33	21.4	4.7	2.10E-08	584.2703	2	7.6	MSCQISCKSR	M(Met-loss+Acetyl)SC(Carbamidomethyl)QISC(Carbamidomethyl)KSR	T20140801-03_ITMSms2cid	21.161	23.3	0.021	3	65433.4	HUMAN	Keratin, type II cytoskeletal 2 epidermal
[2-1]	10	P35908	KRT2	11	33	21.4	4.7	2.10E-08	554.274	2	-2	AQYEEIAQR	AQYEEIAQR	T20140801-05_ITMSms2cid	24.637	25.4	0.028	18	65433.4	HUMAN	Keratin, type II cytoskeletal 2 epidermal
[2-1]	10	P35908	KRT2	11	33	21.4	4.7	2.10E-08	554.2753	2	0.37	AQYEEIAQR	AQYEEIAQR	T20140801-04_ITMSms2cid	24.654	24	0.03	18	65433.4	HUMAN	Keratin, type II cytoskeletal 2 epidermal
[2-1]	10	P35908	KRT2	11	33	21.4	4.7	2.10E-08	584.2667	2	1.4	MSCQISCKSR	M(Met-loss+Acetyl)SC(Carbamidomethyl)QISC(Carbamidomethyl)KSR	T20140801-04_ITMSms2cid	21.111	20.1	0.048	3	65433.4	HUMAN	Keratin, type II cytoskeletal 2 epidermal
[2-1]	10	P35908	KRT2	11	33	21.4	4.7	2.10E-08	566.2579	2	-1.2	STSSFSCLSR	STSSFSC(Carbamidomethyl)LSR	T20140801-02_ITMSms2cid	25.679	17.6	0.05	1	65433.4	HUMAN	Keratin, type II cytoskeletal 2 epidermal
[2-2, 5-1]	2	P04259	KRT6B	5	19	12.8	3.41	2.10E-06	799.8836	2	0.5	ISIGGGSCAISGGYGSR	ISIGGGSC(Carbamidomethyl)AISGGYGSR	T20140801-01_ITMSms2cid	30.328	38.1	2.10E-06	10	60067.4	HUMAN	Keratin, type II cytoskeletal 6B
[2-2, 5-1]	2	P04259	KRT6B	5	19	12.8	3.41	2.10E-06	718.3734	2	0.56	ATGGGLSSVGGGSSTIK	ATGGGLSSVGGGSSTIK	T20140801-01_ITMSms2cid	25.672	36.4	6.00E-06	2	60067.4	HUMAN	Keratin, type II cytoskeletal 6B
[2-2, 5-1]	2	P04259	KRT6B	5	19	12.8	3.41	2.10E-06	556.5907	3	-5.5	SRGSGGLGGACGGAGFGSR	SRGSGGLGGAC(Carbamidomethyl)GGAGFGSR	T20140801-01_ITMSms2cid	24.782	31.6	4.50E-05	9	60067.4	HUMAN	Keratin, type II cytoskeletal 6B
[2-2, 5-1]	2	P04259	KRT6B	5	19	12.8	3.41	2.10E-06	590.3053	2	2.5	YEELQITAGR	YEELQITAGR	T20140801-04_ITMSms2cid	29.085	31.6	4.40E-04	11	60067.4	HUMAN	Keratin, type II cytoskeletal 6B
[2-2, 5-1]	2	P04259	KRT6B	5	19	12.8	3.41	2.10E-06	590.304	2	0.25	YEELQITAGR	YEELQITAGR	T20140801-05_ITMSms2cid	29.007	29.9	5.10E-04	11	60067.4	HUMAN	Keratin, type II cytoskeletal 6B
[2-2, 5-1]	2	P04259	KRT6B	5	19	12.8	3.41	2.10E-06	590.3027	2	-2	YEELQITAGR	YEELQITAGR	T20140801-10_ITMSms2cid	29.055	32.5	6.10E-04	11	60067.4	HUMAN	Keratin, type II cytoskeletal 6B
[2-2, 5-1]	2	P04259	KRT6B	5	19	12.8	3.41	2.10E-06	590.3033	2	-0.94	YEELQITAGR	YEELQITAGR	T20140801-03_ITMSms2cid	28.994	32.4	8.10E-04	11	60067.4	HUMAN	Keratin, type II cytoskeletal 6B
[2-2, 5-1]	2	P04259	KRT6B	5	19	12.8	3.41	2.10E-06	590.3034	2	-0.77	YEELQITAGR	YEELQITAGR	T20140801-01_ITMSms2cid	29.055	40.1	1.00E-03	11	60067.4	HUMAN	Keratin, type II cytoskeletal 6B
[2-2, 5-1]	2	P04259	KRT6B	5	19	12.8	3.41	2.10E-06	590.3038	2	-0.089	YEELQITAGR	YEELQITAGR	T20140801-07_ITMSms2cid	28.822	33.8	0.0023	11	60067.4	HUMAN	Keratin, type II cytoskeletal 6B
[2-2, 5-1]	2	P04259	KRT6B	5	19	12.8	3.41	2.10E-06	554.2748	2	-0.53	AQYEEIAQR	AQYEEIAQR	T20140801-01_ITMSms2cid	24.813	32.5	0.0037	18	60067.4	HUMAN	Keratin, type II cytoskeletal 6B
[2-2, 5-1]	2	P04259	KRT6B	5	19	12.8	3.41	2.10E-06	590.3027	2	-2	YEELQITAGR	YEELQITAGR	T20140801-06_ITMSms2cid	28.854	29.1	0.0054	11	60067.4	HUMAN	Keratin, type II cytoskeletal 6B
[2-2, 5-1]	2	P04259	KRT6B	5	19	12.8	3.41	2.10E-06	554.2761	2	1.8	AQYEEIAQR	AQYEEIAQR	T20140801-08_ITMSms2cid	24.822	30.2	0.0069	18	60067.4	HUMAN	Keratin, type II cytoskeletal 6B
[2-2, 5-1]	2	P04259	KRT6B	5	19	12.8	3.41	2.10E-06	554.2737	2	-2.5	AQYEEIAQR	AQYEEIAQR	T20140801-03_ITMSms2cid	24.724	25.9	0.0073	18	60067.4	HUMAN	Keratin, type II cytoskeletal 6B
[2-2, 5-1]	2	P04259	KRT6B	5	19	12.8	3.41	2.10E-06	554.278	2	5.2	AQYEEIAQR	AQYEEIAQR	T20140801-10_ITMSms2cid	24.745	26.6	0.0076	18	60067.4	HUMAN	Keratin, type II cytoskeletal 6B
[2-2, 5-1]	2	P04259	KRT6B	5	19	12.8	3.41	2.10E-06	554.2753	2	0.37	AQYEEIAQR	AQYEEIAQR	T20140801-06_ITMSms2cid	24.713	32.6	0.0082	18	60067.4	HUMAN	Keratin, type II cytoskeletal 6B
[2-2, 5-1]	2	P04259	KRT6B	5	19	12.8	3.41	2.10E-06	554.2743	2	-1.4	AQYEEIAQR	AQYEEIAQR	T20140801-02_ITMSms2cid	24.815	27	0.012	18	60067.4	HUMAN	Keratin, type II cytoskeletal 6B
[2-2, 5-1]	2	P04259	KRT6B	5	19	12.8	3.41	2.10E-06	554.276	2	1.6	AQYEEIAQR	AQYEEIAQR	T20140801-07_ITMSms2cid	24.647	28.2	0.019	18	60067.4	HUMAN	Keratin, type II cytoskeletal 6B
[2-2, 5-1]	2	P04259	KRT6B	5	19	12.8	3.41	2.10E-06	554.274	2	-2	AQYEEIAQR	AQYEEIAQR	T20140801-05_ITMSms2cid	24.637	25.4	0.028	18	60067.4	HUMAN	Keratin, type II cytoskeletal 6B
[2-2, 5-1]	2	P04259	KRT6B	5	19	12.8	3.41	2.10E-06	554.2753	2	0.37	AQYEEIAQR	AQYEEIAQR	T20140801-04_ITMSms2cid	24.654	24	0.03	18	60067.4	HUMAN	Keratin, type II cytoskeletal 6B
[2-3, 5-3]	1	Q6IG05	Krt75	2	2	4.1	3.1	2.00E-04	651.8624	2	1.8	SLDLDSIIAEVK	SLDLDSIIAEVK	T20140801-01_ITMSms2cid	43.523	44.5	2.00E-04	14	59027.2	RAT	Keratin, type II cytoskeletal 75
[2-3, 5-3]	1	Q6IG05	Krt75	2	2	4.1	3.1	2.00E-04	583.296	2	-0.047	YEELQVTAGR	YEELQVTAGR	T20140801-01_ITMSms2cid	26.87	31.3	5.20E-04	11	59027.2	RAT	Keratin, type II cytoskeletal 75
[3]		P60709	ACTB	7	9	21.1	3.75	8.20E-07	919.4036	2	3.1	MDDDIAALVVDNGSGMCK	M(Met-loss+Acetyl)DDDIAALVVDNGSGM(Oxidation)C(Carbamidomethyl)K	T20140801-08_ITMSms2cid	41.404	42	8.20E-07	12	41737.1	HUMAN	Actin, cytoplasmic 1
[3]		P60709	ACTB	7	9	21.1	3.75	8.20E-07	599.7643	2	-0.76	DSYVGDEAQSK	DSYVGDEAQSK	T20140801-08_ITMSms2cid	22.18	30.4	1.20E-05	49	41737.1	HUMAN	Actin, cytoplasmic 1
[3]		P60709	ACTB	7	9	21.1	3.75	8.20E-07	566.766	2	-1.9	GYSFTTTAER	GYSFTTTAER	T20140801-08_ITMSms2cid	26.137	29.1	1.40E-05	21	41737.1	HUMAN	Actin, cytoplasmic 1
[3]		P60709	ACTB	7	9	21.1	3.75	8.20E-07	677.8167	2	2	DSYVGDEAQSKR	DSYVGDEAQSKR	T20140801-08_ITMSms2cid	21.237	30.6	6.40E-05	49	41737.1	HUMAN	Actin, cytoplasmic 1
[3]		P60709	ACTB	7	9	21.1	3.75	8.20E-07	589.3103	2	0.019	EITALAPSTMK	EITALAPSTM(Oxidation)K	T20140801-08_ITMSms2cid	26.437	32.1	2.30E-04	45	41737.1	HUMAN	Actin, cytoplasmic 1
[3]		P60709	ACTB	7	9	21.1	3.75	8.20E-07	488.7288	2	2.1	AGFAGDDAPR	AGFAGDDAPR	T20140801-08_ITMSms2cid	23.362	34.4	7.40E-04	51	41737.1	HUMAN	Actin, cytoplasmic 1
[3]		P60709	ACTB	7	9	21.1	3.75	8.20E-07	488.7279	2	0.24	AGFAGDDAPR	AGFAGDDAPR	T20140801-04_ITMSms2cid	23.065	31.3	8.50E-04	51	41737.1	HUMAN	Actin, cytoplasmic 1
[3]		P60709	ACTB	7	9	21.1	3.75	8.20E-07	652.027	3	1	VAPEEHPVLLTEAPLNPK	VAPEEHPVLLTEAPLNPK	T20140801-08_ITMSms2cid	33.091	22.6	0.0083	42	41737.1	HUMAN	Actin, cytoplasmic 1
[3]		P60709	ACTB	7	9	21.1	3.75	8.20E-07	452.213	3	0.81	DSYVGDEAQSKR	DSYVGDEAQSKR	T20140801-08_ITMSms2cid	21.222	21.1	0.03	49	41737.1	HUMAN	Actin, cytoplasmic 1
[4]		P35527	KRT9	6	19	9.6	4.33	6.00E-07	616.8032	2	1.1	SGGGGGGGLGSGGSIR	SGGGGGGGLGSGGSIR	T20140801-04_ITMSms2cid	22.179	40.7	6.00E-07	1	62064.8	HUMAN	Keratin, type I cytoskeletal 9
[4]		P35527	KRT9	6	19	9.6	4.33	6.00E-07	616.8008	2	-2.8	SGGGGGGGLGSGGSIR	SGGGGGGGLGSGGSIR	T20140801-01_ITMSms2cid	22.289	41.4	1.00E-06	1	62064.8	HUMAN	Keratin, type I cytoskeletal 9
[4]		P35527	KRT9	6	19	9.6	4.33	6.00E-07	618.2689	2	1.5	FSSSSGYGGGSSR	FSSSSGYGGGSSR	T20140801-05_ITMSms2cid	21.193	36	1.10E-06	1	62064.8	HUMAN	Keratin, type I cytoskeletal 9
[4]		P35527	KRT9	6	19	9.6	4.33	6.00E-07	616.8033	2	1.2	SGGGGGGGLGSGGSIR	SGGGGGGGLGSGGSIR	T20140801-07_ITMSms2cid	22.115	43.3	1.20E-06	1	62064.8	HUMAN	Keratin, type I cytoskeletal 9
[4]		P35527	KRT9	6	19	9.6	4.33	6.00E-07	618.2674	2	-0.97	FSSSSGYGGGSSR	FSSSSGYGGGSSR	T20140801-01_ITMSms2cid	21.409	41.8	1.60E-06	1	62064.8	HUMAN	Keratin, type I cytoskeletal 9
[4]		P35527	KRT9	6	19	9.6	4.33	6.00E-07	616.8022	2	-0.55	SGGGGGGGLGSGGSIR	SGGGGGGGLGSGGSIR	T20140801-03_ITMSms2cid	22.219	41.3	2.10E-06	1	62064.8	HUMAN	Keratin, type I cytoskeletal 9
[4]		P35527	KRT9	6	19	9.6	4.33	6.00E-07	618.2682	2	0.33	FSSSSGYGGGSSR	FSSSSGYGGGSSR	T20140801-07_ITMSms2cid	21.258	35.2	2.50E-06	1	62064.8	HUMAN	Keratin, type I cytoskeletal 9
[4]		P35527	KRT9	6	19	9.6	4.33	6.00E-07	616.8018	2	-1.2	SGGGGGGGLGSGGSIR	SGGGGGGGLGSGGSIR	T20140801-10_ITMSms2cid	22.191	40	3.20E-06	1	62064.8	HUMAN	Keratin, type I cytoskeletal 9
[4]		P35527	KRT9	6	19	9.6	4.33	6.00E-07	616.8019	2	-1	SGGGGGGGLGSGGSIR	SGGGGGGGLGSGGSIR	T20140801-06_ITMSms2cid	22.136	38.2	3.50E-06	1	62064.8	HUMAN	Keratin, type I cytoskeletal 9
[4]		P35527	KRT9	6	19	9.6	4.33	6.00E-07	616.8051	2	4.2	SGGGGGGGLGSGGSIR	SGGGGGGGLGSGGSIR	T20140801-05_ITMSms2cid	22.074	47.3	6.20E-06	1	62064.8	HUMAN	Keratin, type I cytoskeletal 9
[4]		P35527	KRT9	6	19	9.6	4.33	6.00E-07	616.8013	2	-2	SGGGGGGGLGSGGSIR	SGGGGGGGLGSGGSIR	T20140801-02_ITMSms2cid	22.312	36.4	8.80E-06	1	62064.8	HUMAN	Keratin, type I cytoskeletal 9
[4]		P35527	KRT9	6	19	9.6	4.33	6.00E-07	618.2693	2	2.1	FSSSSGYGGGSSR	FSSSSGYGGGSSR	T20140801-08_ITMSms2cid	21.437	26.5	2.10E-05	1	62064.8	HUMAN	Keratin, type I cytoskeletal 9
[4]		P35527	KRT9	6	19	9.6	4.33	6.00E-07	618.269	2	1.6	FSSSSGYGGGSSR	FSSSSGYGGGSSR	T20140801-03_ITMSms2cid	21.37	32.8	2.20E-05	1	62064.8	HUMAN	Keratin, type I cytoskeletal 9
[4]		P35527	KRT9	6	19	9.6	4.33	6.00E-07	616.8017	2	-1.4	SGGGGGGGLGSGGSIR	SGGGGGGGLGSGGSIR	T20140801-08_ITMSms2cid	22.267	24.7	3.70E-04	1	62064.8	HUMAN	Keratin, type I cytoskeletal 9
[4]		P35527	KRT9	6	19	9.6	4.33	6.00E-07	541.2529	2	4	STMQELNSR	STM(Oxidation)QELNSR	T20140801-07_ITMSms2cid	20.345	33.2	9.90E-04	1	62064.8	HUMAN	Keratin, type I cytoskeletal 9
[4]		P35527	KRT9	6	19	9.6	4.33	6.00E-07	533.2534	2	0.18	STMQELNSR	STMQELNSR	T20140801-01_ITMSms2cid	22.616	29	0.0017	1	62064.8	HUMAN	Keratin, type I cytoskeletal 9
[4]		P35527	KRT9	6	19	9.6	4.33	6.00E-07	533.25	2	-6.2	STMQELNSR	STMQELNSR	T20140801-03_ITMSms2cid	22.486	20.6	0.0044	1	62064.8	HUMAN	Keratin, type I cytoskeletal 9
[4]		P35527	KRT9	6	19	9.6	4.33	6.00E-07	760.3547	2	4.2	MSCRQFSSSYLSR	M(Met-loss+Acetyl)SC(Carbamidomethyl)RQFSSSYLSR	T20140801-07_ITMSms2cid	29	24.3	0.0097	1	62064.8	HUMAN	Keratin, type I cytoskeletal 9
[4]		P35527	KRT9	6	19	9.6	4.33	6.00E-07	530.7847	2	-1.1	TLLDIDNTR	TLLDIDNTR	T20140801-07_ITMSms2cid	30.784	21.7	0.047	1	62064.8	HUMAN	Keratin, type I cytoskeletal 9
[5]		P02538	KRT6A	6	14	14.5	3.45	4.80E-07	724.3951	2	5.4	AIGGGLSSVGGGSSTIK	AIGGGLSSVGGGSSTIK	T20140801-01_ITMSms2cid	28.871	37.7	4.80E-07	8	60045.4	HUMAN	Keratin, type II cytoskeletal 6A
[5]		P02538	KRT6A	6	14	14.5	3.45	4.80E-07	799.8836	2	0.5	ISIGGGSCAISGGYGSR	ISIGGGSC(Carbamidomethyl)AISGGYGSR	T20140801-01_ITMSms2cid	30.328	38.1	2.10E-06	10	60045.4	HUMAN	Keratin, type II cytoskeletal 6A
[5]		P02538	KRT6A	6	14	14.5	3.45	4.80E-07	556.5907	3	-5.5	SRGSGGLGGACGGAGFGSR	SRGSGGLGGAC(Carbamidomethyl)GGAGFGSR	T20140801-01_ITMSms2cid	24.782	31.6	4.50E-05	9	60045.4	HUMAN	Keratin, type II cytoskeletal 6A
[5]		P02538	KRT6A	6	14	14.5	3.45	4.80E-07	506.7567	2	0.32	SGFSSVSVSR	SGFSSVSVSR	T20140801-01_ITMSms2cid	25.658	31.9	1.40E-04	4	60045.4	HUMAN	Keratin, type II cytoskeletal 6A
[5]		P02538	KRT6A	6	14	14.5	3.45	4.80E-07	583.296	2	-0.047	YEELQVTAGR	YEELQVTAGR	T20140801-01_ITMSms2cid	26.87	31.3	5.20E-04	11	60045.4	HUMAN	Keratin, type II cytoskeletal 6A
[5]		P02538	KRT6A	6	14	14.5	3.45	4.80E-07	554.2748	2	-0.53	AQYEEIAQR	AQYEEIAQR	T20140801-01_ITMSms2cid	24.813	32.5	0.0037	18	60045.4	HUMAN	Keratin, type II cytoskeletal 6A
[5]		P02538	KRT6A	6	14	14.5	3.45	4.80E-07	554.2761	2	1.8	AQYEEIAQR	AQYEEIAQR	T20140801-08_ITMSms2cid	24.822	30.2	0.0069	18	60045.4	HUMAN	Keratin, type II cytoskeletal 6A
[5]		P02538	KRT6A	6	14	14.5	3.45	4.80E-07	554.2737	2	-2.5	AQYEEIAQR	AQYEEIAQR	T20140801-03_ITMSms2cid	24.724	25.9	0.0073	18	60045.4	HUMAN	Keratin, type II cytoskeletal 6A
[5]		P02538	KRT6A	6	14	14.5	3.45	4.80E-07	554.278	2	5.2	AQYEEIAQR	AQYEEIAQR	T20140801-10_ITMSms2cid	24.745	26.6	0.0076	18	60045.4	HUMAN	Keratin, type II cytoskeletal 6A
[5]		P02538	KRT6A	6	14	14.5	3.45	4.80E-07	554.2753	2	0.37	AQYEEIAQR	AQYEEIAQR	T20140801-06_ITMSms2cid	24.713	32.6	0.0082	18	60045.4	HUMAN	Keratin, type II cytoskeletal 6A
[5]		P02538	KRT6A	6	14	14.5	3.45	4.80E-07	554.2743	2	-1.4	AQYEEIAQR	AQYEEIAQR	T20140801-02_ITMSms2cid	24.815	27	0.012	18	60045.4	HUMAN	Keratin, type II cytoskeletal 6A
[5]		P02538	KRT6A	6	14	14.5	3.45	4.80E-07	554.276	2	1.6	AQYEEIAQR	AQYEEIAQR	T20140801-07_ITMSms2cid	24.647	28.2	0.019	18	60045.4	HUMAN	Keratin, type II cytoskeletal 6A
[5]		P02538	KRT6A	6	14	14.5	3.45	4.80E-07	554.274	2	-2	AQYEEIAQR	AQYEEIAQR	T20140801-05_ITMSms2cid	24.637	25.4	0.028	18	60045.4	HUMAN	Keratin, type II cytoskeletal 6A
[5]		P02538	KRT6A	6	14	14.5	3.45	4.80E-07	554.2753	2	0.37	AQYEEIAQR	AQYEEIAQR	T20140801-04_ITMSms2cid	24.654	24	0.03	18	60045.4	HUMAN	Keratin, type II cytoskeletal 6A
[2-2, 5-1]	2	P04259	KRT6B	5	19	12.8	3.41	2.10E-06	799.8836	2	0.5	ISIGGGSCAISGGYGSR	ISIGGGSC(Carbamidomethyl)AISGGYGSR	T20140801-01_ITMSms2cid	30.328	38.1	2.10E-06	10	60067.4	HUMAN	Keratin, type II cytoskeletal 6B
[2-2, 5-1]	2	P04259	KRT6B	5	19	12.8	3.41	2.10E-06	718.3734	2	0.56	ATGGGLSSVGGGSSTIK	ATGGGLSSVGGGSSTIK	T20140801-01_ITMSms2cid	25.672	36.4	6.00E-06	2	60067.4	HUMAN	Keratin, type II cytoskeletal 6B
[2-2, 5-1]	2	P04259	KRT6B	5	19	12.8	3.41	2.10E-06	556.5907	3	-5.5	SRGSGGLGGACGGAGFGSR	SRGSGGLGGAC(Carbamidomethyl)GGAGFGSR	T20140801-01_ITMSms2cid	24.782	31.6	4.50E-05	9	60067.4	HUMAN	Keratin, type II cytoskeletal 6B
[2-2, 5-1]	2	P04259	KRT6B	5	19	12.8	3.41	2.10E-06	590.3053	2	2.5	YEELQITAGR	YEELQITAGR	T20140801-04_ITMSms2cid	29.085	31.6	4.40E-04	11	60067.4	HUMAN	Keratin, type II cytoskeletal 6B
[2-2, 5-1]	2	P04259	KRT6B	5	19	12.8	3.41	2.10E-06	590.304	2	0.25	YEELQITAGR	YEELQITAGR	T20140801-05_ITMSms2cid	29.007	29.9	5.10E-04	11	60067.4	HUMAN	Keratin, type II cytoskeletal 6B
[2-2, 5-1]	2	P04259	KRT6B	5	19	12.8	3.41	2.10E-06	590.3027	2	-2	YEELQITAGR	YEELQITAGR	T20140801-10_ITMSms2cid	29.055	32.5	6.10E-04	11	60067.4	HUMAN	Keratin, type II cytoskeletal 6B
[2-2, 5-1]	2	P04259	KRT6B	5	19	12.8	3.41	2.10E-06	590.3033	2	-0.94	YEELQITAGR	YEELQITAGR	T20140801-03_ITMSms2cid	28.994	32.4	8.10E-04	11	60067.4	HUMAN	Keratin, type II cytoskeletal 6B
[2-2, 5-1]	2	P04259	KRT6B	5	19	12.8	3.41	2.10E-06	590.3034	2	-0.77	YEELQITAGR	YEELQITAGR	T20140801-01_ITMSms2cid	29.055	40.1	1.00E-03	11	60067.4	HUMAN	Keratin, type II cytoskeletal 6B
[2-2, 5-1]	2	P04259	KRT6B	5	19	12.8	3.41	2.10E-06	590.3038	2	-0.089	YEELQITAGR	YEELQITAGR	T20140801-07_ITMSms2cid	28.822	33.8	0.0023	11	60067.4	HUMAN	Keratin, type II cytoskeletal 6B
[2-2, 5-1]	2	P04259	KRT6B	5	19	12.8	3.41	2.10E-06	554.2748	2	-0.53	AQYEEIAQR	AQYEEIAQR	T20140801-01_ITMSms2cid	24.813	32.5	0.0037	18	60067.4	HUMAN	Keratin, type II cytoskeletal 6B
[2-2, 5-1]	2	P04259	KRT6B	5	19	12.8	3.41	2.10E-06	590.3027	2	-2	YEELQITAGR	YEELQITAGR	T20140801-06_ITMSms2cid	28.854	29.1	0.0054	11	60067.4	HUMAN	Keratin, type II cytoskeletal 6B
[2-2, 5-1]	2	P04259	KRT6B	5	19	12.8	3.41	2.10E-06	554.2761	2	1.8	AQYEEIAQR	AQYEEIAQR	T20140801-08_ITMSms2cid	24.822	30.2	0.0069	18	60067.4	HUMAN	Keratin, type II cytoskeletal 6B
[2-2, 5-1]	2	P04259	KRT6B	5	19	12.8	3.41	2.10E-06	554.2737	2	-2.5	AQYEEIAQR	AQYEEIAQR	T20140801-03_ITMSms2cid	24.724	25.9	0.0073	18	60067.4	HUMAN	Keratin, type II cytoskeletal 6B
[2-2, 5-1]	2	P04259	KRT6B	5	19	12.8	3.41	2.10E-06	554.278	2	5.2	AQYEEIAQR	AQYEEIAQR	T20140801-10_ITMSms2cid	24.745	26.6	0.0076	18	60067.4	HUMAN	Keratin, type II cytoskeletal 6B
[2-2, 5-1]	2	P04259	KRT6B	5	19	12.8	3.41	2.10E-06	554.2753	2	0.37	AQYEEIAQR	AQYEEIAQR	T20140801-06_ITMSms2cid	24.713	32.6	0.0082	18	60067.4	HUMAN	Keratin, type II cytoskeletal 6B
[2-2, 5-1]	2	P04259	KRT6B	5	19	12.8	3.41	2.10E-06	554.2743	2	-1.4	AQYEEIAQR	AQYEEIAQR	T20140801-02_ITMSms2cid	24.815	27	0.012	18	60067.4	HUMAN	Keratin, type II cytoskeletal 6B
[2-2, 5-1]	2	P04259	KRT6B	5	19	12.8	3.41	2.10E-06	554.276	2	1.6	AQYEEIAQR	AQYEEIAQR	T20140801-07_ITMSms2cid	24.647	28.2	0.019	18	60067.4	HUMAN	Keratin, type II cytoskeletal 6B
[2-2, 5-1]	2	P04259	KRT6B	5	19	12.8	3.41	2.10E-06	554.274	2	-2	AQYEEIAQR	AQYEEIAQR	T20140801-05_ITMSms2cid	24.637	25.4	0.028	18	60067.4	HUMAN	Keratin, type II cytoskeletal 6B
[2-2, 5-1]	2	P04259	KRT6B	5	19	12.8	3.41	2.10E-06	554.2753	2	0.37	AQYEEIAQR	AQYEEIAQR	T20140801-04_ITMSms2cid	24.654	24	0.03	18	60067.4	HUMAN	Keratin, type II cytoskeletal 6B
[5-2]	1	B4DKV4		5	13	13.7	3.21	2.10E-06	799.8836	2	0.5	ISIGGGSCAISGGYGSR	ISIGGGSC(Carbamidomethyl)AISGGYGSR	T20140801-01_ITMSms2cid	30.328	38.1	2.10E-06	10	55732.5	HUMAN	cDNA FLJ60647, highly similar to Keratin, type II cytoskeletal 6B
[5-2]	1	B4DKV4		5	13	13.7	3.21	2.10E-06	718.3734	2	0.56	ATGGGLSSVGGGSSTIK	ATGGGLSSVGGGSSTIK	T20140801-01_ITMSms2cid	25.672	36.4	6.00E-06	2	55732.5	HUMAN	cDNA FLJ60647, highly similar to Keratin, type II cytoskeletal 6B
[5-2]	1	B4DKV4		5	13	13.7	3.21	2.10E-06	556.5907	3	-5.5	SRGSGGLGGACGGAGFGSR	SRGSGGLGGAC(Carbamidomethyl)GGAGFGSR	T20140801-01_ITMSms2cid	24.782	31.6	4.50E-05	9	55732.5	HUMAN	cDNA FLJ60647, highly similar to Keratin, type II cytoskeletal 6B
[5-2]	1	B4DKV4		5	13	13.7	3.21	2.10E-06	583.296	2	-0.047	YEELQVTAGR	YEELQVTAGR	T20140801-01_ITMSms2cid	26.87	31.3	5.20E-04	11	55732.5	HUMAN	cDNA FLJ60647, highly similar to Keratin, type II cytoskeletal 6B
[5-2]	1	B4DKV4		5	13	13.7	3.21	2.10E-06	554.2748	2	-0.53	AQYEEIAQR	AQYEEIAQR	T20140801-01_ITMSms2cid	24.813	32.5	0.0037	18	55732.5	HUMAN	cDNA FLJ60647, highly similar to Keratin, type II cytoskeletal 6B
[5-2]	1	B4DKV4		5	13	13.7	3.21	2.10E-06	554.2761	2	1.8	AQYEEIAQR	AQYEEIAQR	T20140801-08_ITMSms2cid	24.822	30.2	0.0069	18	55732.5	HUMAN	cDNA FLJ60647, highly similar to Keratin, type II cytoskeletal 6B
[5-2]	1	B4DKV4		5	13	13.7	3.21	2.10E-06	554.2737	2	-2.5	AQYEEIAQR	AQYEEIAQR	T20140801-03_ITMSms2cid	24.724	25.9	0.0073	18	55732.5	HUMAN	cDNA FLJ60647, highly similar to Keratin, type II cytoskeletal 6B
[5-2]	1	B4DKV4		5	13	13.7	3.21	2.10E-06	554.278	2	5.2	AQYEEIAQR	AQYEEIAQR	T20140801-10_ITMSms2cid	24.745	26.6	0.0076	18	55732.5	HUMAN	cDNA FLJ60647, highly similar to Keratin, type II cytoskeletal 6B
[5-2]	1	B4DKV4		5	13	13.7	3.21	2.10E-06	554.2753	2	0.37	AQYEEIAQR	AQYEEIAQR	T20140801-06_ITMSms2cid	24.713	32.6	0.0082	18	55732.5	HUMAN	cDNA FLJ60647, highly similar to Keratin, type II cytoskeletal 6B
[5-2]	1	B4DKV4		5	13	13.7	3.21	2.10E-06	554.2743	2	-1.4	AQYEEIAQR	AQYEEIAQR	T20140801-02_ITMSms2cid	24.815	27	0.012	18	55732.5	HUMAN	cDNA FLJ60647, highly similar to Keratin, type II cytoskeletal 6B
[5-2]	1	B4DKV4		5	13	13.7	3.21	2.10E-06	554.276	2	1.6	AQYEEIAQR	AQYEEIAQR	T20140801-07_ITMSms2cid	24.647	28.2	0.019	18	55732.5	HUMAN	cDNA FLJ60647, highly similar to Keratin, type II cytoskeletal 6B
[5-2]	1	B4DKV4		5	13	13.7	3.21	2.10E-06	554.274	2	-2	AQYEEIAQR	AQYEEIAQR	T20140801-05_ITMSms2cid	24.637	25.4	0.028	18	55732.5	HUMAN	cDNA FLJ60647, highly similar to Keratin, type II cytoskeletal 6B
[5-2]	1	B4DKV4		5	13	13.7	3.21	2.10E-06	554.2753	2	0.37	AQYEEIAQR	AQYEEIAQR	T20140801-04_ITMSms2cid	24.654	24	0.03	18	55732.5	HUMAN	cDNA FLJ60647, highly similar to Keratin, type II cytoskeletal 6B
[2-3, 5-3]	1	Q6IG05	Krt75	2	2	4.1	3.1	2.00E-04	651.8624	2	1.8	SLDLDSIIAEVK	SLDLDSIIAEVK	T20140801-01_ITMSms2cid	43.523	44.5	2.00E-04	14	59027.2	RAT	Keratin, type II cytoskeletal 75
[2-3, 5-3]	1	Q6IG05	Krt75	2	2	4.1	3.1	2.00E-04	583.296	2	-0.047	YEELQVTAGR	YEELQVTAGR	T20140801-01_ITMSms2cid	26.87	31.3	5.20E-04	11	59027.2	RAT	Keratin, type II cytoskeletal 75
[6]		P13647	KRT5	4	6	8.6	3.49	7.70E-07	720.3597	2	-0.26	GLGVGFGSGGGSSSSVK	GLGVGFGSGGGSSSSVK	T20140801-01_ITMSms2cid	28.695	39.3	7.70E-07	2	62378.9	HUMAN	Keratin, type II cytoskeletal 5
[6]		P13647	KRT5	4	6	8.6	3.49	7.70E-07	705.864	2	-1.1	SFSTASAITPSVSR	SFSTASAITPSVSR	T20140801-01_ITMSms2cid	30.098	34.9	5.70E-05	4	62378.9	HUMAN	Keratin, type II cytoskeletal 5
[6]		P13647	KRT5	4	6	8.6	3.49	7.70E-07	556.2907	2	-0.081	ISISTSGGSFR	ISISTSGGSFR	T20140801-07_ITMSms2cid	28.37	30.1	0.0012	2	62378.9	HUMAN	Keratin, type II cytoskeletal 5
[6]		P13647	KRT5	4	6	8.6	3.49	7.70E-07	547.2672	2	-0.13	AQYEEIANR	AQYEEIANR	T20140801-01_ITMSms2cid	24.688	33.5	0.0016	6	62378.9	HUMAN	Keratin, type II cytoskeletal 5
[6]		P13647	KRT5	4	6	8.6	3.49	7.70E-07	556.2918	2	1.9	ISISTSGGSFR	ISISTSGGSFR	T20140801-10_ITMSms2cid	28.575	25.3	0.01	2	62378.9	HUMAN	Keratin, type II cytoskeletal 5
[6]		P13647	KRT5	4	6	8.6	3.49	7.70E-07	556.2895	2	-2.2	ISISTSGGSFR	ISISTSGGSFR	T20140801-01_ITMSms2cid	28.606	22.2	0.024	2	62378.9	HUMAN	Keratin, type II cytoskeletal 5
[7]		Q6IG02	Krt2	3	7	4.8	3.96	1.90E-06	627.8079	2	0.97	GFSSGSAVVSGGSR	GFSSGSAVVSGGSR	T20140801-01_ITMSms2cid	25.24	45.4	1.90E-06	3	69127.6	RAT	Keratin, type II cytoskeletal 2 epidermal
[7]		Q6IG02	Krt2	3	7	4.8	3.96	1.90E-06	584.2664	2	0.87	MSCQISCKSR	M(Met-loss+Acetyl)SC(Carbamidomethyl)QISC(Carbamidomethyl)KSR	T20140801-07_ITMSms2cid	21.059	25.9	0.0022	3	69127.6	RAT	Keratin, type II cytoskeletal 2 epidermal
[7]		Q6IG02	Krt2	3	7	4.8	3.96	1.90E-06	627.808	2	1.1	GFSSGSAVVSGGSR	GFSSGSAVVSGGSR	T20140801-02_ITMSms2cid	25.221	21.9	0.0027	3	69127.6	RAT	Keratin, type II cytoskeletal 2 epidermal
[7]		Q6IG02	Krt2	3	7	4.8	3.96	1.90E-06	521.2822	2	-0.36	VDPEIQNVK	VDPEIQNVK	T20140801-01_ITMSms2cid	25.27	31.1	0.0052	3	69127.6	RAT	Keratin, type II cytoskeletal 2 epidermal
[7]		Q6IG02	Krt2	3	7	4.8	3.96	1.90E-06	584.2679	2	3.4	MSCQISCKSR	M(Met-loss+Acetyl)SC(Carbamidomethyl)QISC(Carbamidomethyl)KSR	T20140801-09_ITMSms2cid	21.085	26.4	0.018	3	69127.6	RAT	Keratin, type II cytoskeletal 2 epidermal
[7]		Q6IG02	Krt2	3	7	4.8	3.96	1.90E-06	584.2703	2	7.6	MSCQISCKSR	M(Met-loss+Acetyl)SC(Carbamidomethyl)QISC(Carbamidomethyl)KSR	T20140801-03_ITMSms2cid	21.161	23.3	0.021	3	69127.6	RAT	Keratin, type II cytoskeletal 2 epidermal
[7]		Q6IG02	Krt2	3	7	4.8	3.96	1.90E-06	584.2667	2	1.4	MSCQISCKSR	M(Met-loss+Acetyl)SC(Carbamidomethyl)QISC(Carbamidomethyl)KSR	T20140801-04_ITMSms2cid	21.111	20.1	0.048	3	69127.6	RAT	Keratin, type II cytoskeletal 2 epidermal
[8]		P11142	HSPA8	2	2	2.5	3.2	1.10E-05	805.9502	2	4.4	QATKDAGTIAGLNVLR	Q(Gln->pyro-Glu)ATKDAGTIAGLNVLR	T20140801-04_ITMSms2cid	36.267	36	1.10E-05	17	70898.7	HUMAN	Heat shock cognate 71 kDa protein
[8]		P11142	HSPA8	2	2	2.5	3.2	1.10E-05	600.3394	2	-2.3	DAGTIAGLNVLR	DAGTIAGLNVLR	T20140801-04_ITMSms2cid	37.038	40.7	0.007	20	70898.7	HUMAN	Heat shock cognate 71 kDa protein
[9]		P52209	PGD	1	1	3.5	4.62	8.50E-08	796.4088	2	1.8	GILFVGSGVSGGEEGAR	GILFVGSGVSGGEEGAR	T20140801-04_ITMSms2cid	34.757	46.9	8.50E-08	11	53140.5	HUMAN	6-phosphogluconate dehydrogenase, decarboxylating
[10]		P02454	Col1a1	2	2	2.6	2.64	6.80E-05	658.9971	3	1.4	NGDRGETGPAGPAGPIGPAGAR	NGDRGETGPAGPAGPIGPAGAR	T20140801-05_ITMSms2cid	25.379	38.2	6.80E-05	1	137954.6	RAT	Collagen alpha-1(I) chain
[10]		P02454	Col1a1	2	2	2.6	2.64	6.80E-05	734.8647	2	0.57	SAGVSVPGPMGPSGPR	SAGVSVPGPM(Oxidation)GPSGPR	T20140801-05_ITMSms2cid	26.643	24.8	0.0047	1	137954.6	RAT	Collagen alpha-1(I) chain
[11]		P81605	DCD	2	2	20	2.41	1.80E-04	581.2873	2	3.4	DAVEDLESVGK	DAVEDLESVGK	T20140801-01_ITMSms2cid	32.228	37.4	1.80E-04	2	11284	HUMAN	Dermcidin
[11]		P81605	DCD	2	2	20	2.41	1.80E-04	564.7678	2	0.29	ENAGEDPGLAR	ENAGEDPGLAR	T20140801-01_ITMSms2cid	22.398	31	0.0014	2	11284	HUMAN	Dermcidin
[12]		P18298	Mat2a	1	1	3.8	4.16	9.40E-07	722.8797	2	-1.5	FVIGGPQGDAGLTGR	FVIGGPQGDAGLTGR	T20140801-04_ITMSms2cid	33.007	46.3	9.40E-07	6	43716.1	RAT	S-adenosylmethionine synthase isoform type-2
[13]		P01876	IGHA1	2	2	6.8	2.21	4.90E-05	770.8692	2	2.1	DASGVTFTWTPSSGK	DASGVTFTWTPSSGK	T20140801-01_ITMSms2cid	35.348	33.3	4.90E-05	10	37655	HUMAN	Ig alpha-1 chain C region
[13]		P01876	IGHA1	2	2	6.8	2.21	4.90E-05	466.2762	2	-0.81	TPLTATLSK	TPLTATLSK	T20140801-01_ITMSms2cid	26.523	21.7	0.012	9	37655	HUMAN	Ig alpha-1 chain C region
[14]		P06907	Mpz	1	1	5.2	3.1	5.90E-06	765.3757	2	1.6	QTPVLYAMLDHSR	Q(Gln->pyro-Glu)TPVLYAM(Oxidation)LDHSR	T20140801-10_ITMSms2cid	35.08	38.7	5.90E-06	3	27570.9	RAT	Myelin protein P0
[15]		A1A4E9	KRT13	1	1	2.6	3.04	2.40E-04	651.334	2	1.8	ALEEANADLEVK	ALEEANADLEVK	T20140801-01_ITMSms2cid	28.381	44.3	2.40E-04	13	49586.7	HUMAN	Keratin 13
[16]		P22626	HNRNPA2B1	2	2	7.6	1.79	9.20E-04	555.6055	3	-0.067	ALSRQEMQEVQSSR	ALSRQEM(Oxidation)QEVQSSR	T20140801-09_ITMSms2cid	21.006	34	9.20E-04	6	37430	HUMAN	Heterogeneous nuclear ribonucleoproteins A2/B1
[16]		P22626	HNRNPA2B1	2	2	7.6	1.79	9.20E-04	438.5374	3	-0.37	SGRGGNFGFGDSR	SGRGGNFGFGDSR	T20140801-09_ITMSms2cid	24.434	20	0.038	6	37430	HUMAN	Heterogeneous nuclear ribonucleoproteins A2/B1
[17]		Q14666		1	1	4.9	2.88	1.10E-05	681.3495	2	0.75	EVATNSELVQSGK	EVATNSELVQSGK	T20140801-01_ITMSms2cid	25.092	37.5	1.10E-05	7	30837.8	HUMAN	Radiated keratinocyte mRNA 266 (keratin-related protein) (Fragment)
[18]		Q16195	keratin	1	1	4.9	2.41	2.30E-05	630.7889	2	0.22	EVFTSSSSSSSR	EVFTSSSSSSSR	T20140801-01_ITMSms2cid	21.743	34.1	2.30E-05	2	27661.9	HUMAN	Keratin (Fragment)
[19]		P00762	Prss1	1	8	8.1	2.37	0.0014	737.706	3	-0.27	LGEHNINVLEGDEQFINAAK	LGEHNINVLEGDEQFINAAK	T20140801-10_ITMSms2cid	35.658	38.1	0.0014	1	25959.7	RAT	Anionic trypsin-1
[19]		P00762	Prss1	1	8	8.1	2.37	0.0014	737.7073	3	1.5	LGEHNINVLEGDEQFINAAK	LGEHNINVLEGDEQFINAAK	T20140801-04_ITMSms2cid	35.738	40.4	0.0019	1	25959.7	RAT	Anionic trypsin-1
[19]		P00762	Prss1	1	8	8.1	2.37	0.0014	737.7057	3	-0.67	LGEHNINVLEGDEQFINAAK	LGEHNINVLEGDEQFINAAK	T20140801-08_ITMSms2cid	35.657	37.5	0.0038	1	25959.7	RAT	Anionic trypsin-1
[19]		P00762	Prss1	1	8	8.1	2.37	0.0014	737.7062	3	0.0046	LGEHNINVLEGDEQFINAAK	LGEHNINVLEGDEQFINAAK	T20140801-01_ITMSms2cid	35.718	32.7	0.0043	1	25959.7	RAT	Anionic trypsin-1
[19]		P00762	Prss1	1	8	8.1	2.37	0.0014	737.7061	3	-0.13	LGEHNINVLEGDEQFINAAK	LGEHNINVLEGDEQFINAAK	T20140801-06_ITMSms2cid	35.536	33.5	0.0053	1	25959.7	RAT	Anionic trypsin-1
[19]		P00762	Prss1	1	8	8.1	2.37	0.0014	737.7068	3	0.82	LGEHNINVLEGDEQFINAAK	LGEHNINVLEGDEQFINAAK	T20140801-07_ITMSms2cid	35.437	36.5	0.007	1	25959.7	RAT	Anionic trypsin-1
[19]		P00762	Prss1	1	8	8.1	2.37	0.0014	737.7069	3	0.95	LGEHNINVLEGDEQFINAAK	LGEHNINVLEGDEQFINAAK	T20140801-02_ITMSms2cid	35.685	38.5	0.0088	1	25959.7	RAT	Anionic trypsin-1
[19]		P00762	Prss1	1	8	8.1	2.37	0.0014	737.7054	3	-1.1	LGEHNINVLEGDEQFINAAK	LGEHNINVLEGDEQFINAAK	T20140801-05_ITMSms2cid	35.67	31.1	0.027	1	25959.7	RAT	Anionic trypsin-1
[20]		P62630	Eef1a1	1	2	2.4	2.34	2.90E-04	513.3091	2	0.7	IGGIGTVPVGR	IGGIGTVPVGR	T20140801-08_ITMSms2cid	29.572	37.5	2.90E-04	36	50114.3	RAT	Elongation factor 1-alpha 1
[20]		P62630	Eef1a1	1	2	2.4	2.34	2.90E-04	513.3085	2	-0.47	IGGIGTVPVGR	IGGIGTVPVGR	T20140801-04_ITMSms2cid	29.6	35.5	5.20E-04	36	50114.3	RAT	Elongation factor 1-alpha 1
[21]		P61626	LYZ	1	1	8.1	2.32	2.60E-04	700.845	2	1.6	STDYGIFQINSR	STDYGIFQINSR	T20140801-01_ITMSms2cid	35.145	37.2	2.60E-04	3	16537.2	HUMAN	Lysozyme C
[22]		Q01469	FABP5	1	1	7.4	1.61	0.009	522.2773	2	-0.65	MATVQQLEGR	M(Met-loss+Acetyl)ATVQQLEGR	T20140801-01_ITMSms2cid	30.728	35.9	0.009	2	15164.6	HUMAN	Fatty acid-binding protein, epidermal
[23]		P09606	Glul	1	1	2.9	1.57	1.80E-04	529.2678	2	1	MATSASSHLNK	M(Met-loss+Acetyl)ATSASSHLNK	T20140801-08_ITMSms2cid	21.467	29.1	1.80E-04	1	42268.2	RAT	Glutamine synthetase
[24]		P02770	Alb	1	1	2	1.52	2.10E-05	724.314	2	1.1	YMCENQATISSK	YM(Oxidation)C(Carbamidomethyl)ENQATISSK	T20140801-07_ITMSms2cid	21.911	25.1	2.10E-05	1	68731.5	RAT	Serum albumin
[25]		P35579	MYH9	1	1	0.5	1.35	0.0056	597.3112	2	-0.8	ALELDSNLYR	ALELDSNLYR	T20140801-04_ITMSms2cid	32.925	32.5	0.0056	7	226534.2	HUMAN	Myosin-9
[26]		P02788	LTF	1	1	1.4	1.31	0.0037	510.7601	2	2	DGAGDVAFIR	DGAGDVAFIR	T20140801-01_ITMSms2cid	31.562	31.5	0.0037	15	78182.7	HUMAN	Lactotransferrin
[27]		P01834	IGKC	1	1	18.9	1.29	7.10E-04	712.6611	3	0.01	VDNALQSGNSQESVTEQDSK	VDNALQSGNSQESVTEQDSK	T20140801-01_ITMSms2cid	25.284	28.5	7.10E-04	9	11608.9	HUMAN	Ig kappa chain C region
[28]		P14659	Hspa2	1	1	2.7	1.06	0.0019	947.9695	2	-18	VQSAVITVPAYFNDSQR	VQSAVITVPAYFNDSQR	T20140801-04_ITMSms2cid	36.299	27.8	0.0019	1	69642.2	RAT	Heat shock-related 70 kDa protein 2
[29]		Q794E4	Hnrnpf	1	1	3.4	1.04	0.0059	697.3357	2	-1.9	MMLGPEGGEGYVVK	M(Met-loss+Acetyl)M(Oxidation)LGPEGGEGYVVK	T20140801-08_ITMSms2cid	34.133	29.5	0.0059	1	45730.3	RAT	Heterogeneous nuclear ribonucleoprotein F
[30]		P23358	Rpl12	1	1	5.5	0.85	0.0041	441.2767	2	0.73	IGPLGLSPK	IGPLGLSPK	T20140801-04_ITMSms2cid	30.599	27	0.0041	8	17845.8	RAT	60S ribosomal protein L12
[31]		P01591	IGJ	1	1	7.5	0.83	0.0018	695.3094	2	-0.95	SSEDPNEDIVER	SSEDPNEDIVER	T20140801-01_ITMSms2cid	25.374	25.5	0.0018	4	18098.8	HUMAN	Immunoglobulin J chain
[32]		P02466	Col1a2	2	2	2	0.51	0.0046	422.5587	3	1.5	GPAGPSGPIGKDGR	GPAGPSGPIGKDGR	T20140801-05_ITMSms2cid	21.223	23.3	0.0046	2	129565.1	RAT	Collagen alpha-2(I) chain
[32]		P02466	Col1a2	2	2	2	0.51	0.0046	396.548	3	1.2	SGHPGPVGPAGVR	SGHPGPVGPAGVR	T20140801-05_ITMSms2cid	21.485	23.8	0.046	2	129565.1	RAT	Collagen alpha-2(I) chain